country,variant,year,source,BEV,PHEV,EREV,HEV,MHEV,PETROL,DIESEL,GAS,CNG,LPG,FLEXFUEL,ETHANOL,OTHERS,TOTAL,notes
New Zealand,Whole,2015,,586,480,,14693,,2969140,631750,,,,,,1611,,
New Zealand,Whole,2016,,1602,898,,18690,,3059119,672934,,,,,,1575,,
New Zealand,Whole,2017,,4497,1668,,24768,,3162449,724956,,,,,,1502,,
New Zealand,Whole,2018,,8798,2949,,34081,,3226221,775329,,,,,,1433,,
New Zealand,Whole,2019,,14092,4666,,52074,,3257721,818684,,,,,,1358,,
New Zealand,Whole,2020,,18023,6186,,76016,,3245376,846421,,,,,,1283,,
New Zealand,Whole,2021,,27507,9782,,113155,,3248847,889542,,,,,,1196,,
New Zealand,Whole,2022,,47226,19027,,162963,,3217263,924697,,,,,,1112,,
New Zealand,Whole,2023,,73165,30838,,247652,,3127647,939951,,,,,,1034,,
New Zealand,Whole,2024,,80159,35248,,322319,,3062938,955500,,,,,,988,,
New Zealand,Whole,2025,,88511,42828,,401729,,2995967,966850,,,,,,939,,
China,Whole,2017,,1250000,280000,,,,,,,,,,,215470000,,HYBRID column = PHEV (China NEV = BEV+PHEV); HEV & ICE aggregated in OTHERS
China,Whole,2018,,2110000,500000,,,,,,,,,,,237390000,,HYBRID column = PHEV (China NEV = BEV+PHEV); HEV & ICE aggregated in OTHERS
China,Whole,2019,,3100000,710000,,,,,,,,,,,256190000,,HYBRID column = PHEV (China NEV = BEV+PHEV); HEV & ICE aggregated in OTHERS
China,Whole,2020,,4000000,920000,,,,,,,,,,,276080000,,HYBRID column = PHEV (China NEV = BEV+PHEV); HEV & ICE aggregated in OTHERS
China,Whole,2021,,6400000,1440000,,,,,,,,,,,294160000,,HYBRID column = PHEV (China NEV = BEV+PHEV); HEV & ICE aggregated in OTHERS
China,Whole,2022,,10450000,2650000,,,,,,,,,,,305900000,,HYBRID column = PHEV (China NEV = BEV+PHEV); HEV & ICE aggregated in OTHERS
China,Whole,2023,,15520000,4890000,,,,,,,,,,,315590000,,HYBRID column = PHEV (China NEV = BEV+PHEV); HEV & ICE aggregated in OTHERS
China,Whole,2024,,22090000,9310000,,,,,,,,,,,321600000,,HYBRID column = PHEV (China NEV = BEV+PHEV); HEV & ICE aggregated in OTHERS
China,Whole,2025,,25540000,11350000,,,,,,,,,,,322110000,,HYBRID column = PHEV (China NEV = BEV+PHEV); HEV & ICE aggregated in OTHERS
Austria,Whole,2000,,156,,,0,,2597888,1499101,,,,,,0,,HYBRID = combined PHEV+HEV (source did not split)
Austria,Whole,2001,,153,,,0,,2544585,1637289,,,,,,0,,HYBRID = combined PHEV+HEV (source did not split)
Austria,Whole,2002,,148,,,0,,2243847,1743098,,,,,,0,,HYBRID = combined PHEV+HEV (source did not split)
Austria,Whole,2003,,135,,,0,,2168945,1885228,,,,,,0,,HYBRID = combined PHEV+HEV (source did not split)
Austria,Whole,2004,,128,,,0,,2087180,2021821,,,,,,0,,HYBRID = combined PHEV+HEV (source did not split)
Austria,Whole,2005,,127,,,0,,2028873,2127533,,,,,,210,,HYBRID = combined PHEV+HEV (source did not split)
Austria,Whole,2006,,127,,,481,,1983337,2220804,,,,,,220,,HYBRID = combined PHEV+HEV (source did not split)
Austria,Whole,2007,,131,,,1264,,1960380,2283302,,,,,,506,,HYBRID = combined PHEV+HEV (source did not split)
Austria,Whole,2008,,146,,,2592,,1957751,2323016,,,,,,1414,,HYBRID = combined PHEV+HEV (source did not split)
Austria,Whole,2009,,223,,,3559,,1972352,2381906,,,,,,1904,,HYBRID = combined PHEV+HEV (source did not split)
Austria,Whole,2010,,353,,,4792,,1988079,2445506,,,,,,2297,,HYBRID = combined PHEV+HEV (source did not split)
Austria,Whole,2011,,989,,,6060,,1997066,2506511,,,,,,2795,,HYBRID = combined PHEV+HEV (source did not split)
Austria,Whole,2012,,1389,,,8100,,2001295,2570124,,,,,,3294,,HYBRID = combined PHEV+HEV (source did not split)
Austria,Whole,2013,,2070,,,10504,,2003699,2621133,,,,,,3902,,HYBRID = combined PHEV+HEV (source did not split)
Austria,Whole,2014,,3386,,,12823,,2011104,2663063,,,,,,4545,,HYBRID = combined PHEV+HEV (source did not split)
Austria,Whole,2015,,5032,,,15862,,2019139,2702922,,,,,,5093,,HYBRID = combined PHEV+HEV (source did not split)
Austria,Whole,2016,,9073,,,20033,,2038019,2749046,,,,,,5386,,HYBRID = combined PHEV+HEV (source did not split)
Austria,Whole,2017,,14618,,,27494,,2080434,2770470,,,,,,5562,,HYBRID = combined PHEV+HEV (source did not split)
Austria,Whole,2018,,20831,,,36549,,2139239,2776332,,,,,,5901,,HYBRID = combined PHEV+HEV (source did not split)
Austria,Whole,2019,,29523,,,51817,,2179235,2772854,,,,,,6119,,HYBRID = combined PHEV+HEV (source did not split)
Austria,Whole,2020,,44507,,,83361,,2195578,2762273,,,,,,6108,,HYBRID = combined PHEV+HEV (source did not split)
Austria,Whole,2021,,76539,,,136974,,2197006,2717475,,,,,,5842,,HYBRID = combined PHEV+HEV (source did not split)
Austria,Whole,2022,,110225,,,189686,,2194125,2651280,,,,,,5574,,HYBRID = combined PHEV+HEV (source did not split)
Austria,Whole,2023,,155490,,,250982,,2188368,2584985,,,,,,5181,,HYBRID = combined PHEV+HEV (source did not split)
Austria,Whole,2024,,200603,,,329935,,2186500,2510099,,,,,,4756,,HYBRID = combined PHEV+HEV (source did not split)
Austria,Whole,2025,,257717,,,440722,,2175898,2407428,,,,,,4336,,HYBRID = combined PHEV+HEV (source did not split)
India,Whole,2018,,2000,0,,0,,22000000,9000000,,,,,,0,,
India,Whole,2019,,4500,0,,0,,23000000,10000000,,,,,,0,,
India,Whole,2020,,7000,0,,0,,24500000,10500000,,,,,,0,,
India,Whole,2021,,14000,0,,0,,26000000,11000000,,,,,,0,,
India,Whole,2022,,35000,0,,0,,28000000,12000000,,,,,,0,,
India,Whole,2023,,70000,0,,0,,30000000,13000000,,,,,,0,,
India,Whole,2024,,120000,0,,0,,32000000,14000000,,,,,,0,,
Georgia,Whole,2017,,852,,,23665,,499931,142292,,,,,,561383,,HYBRID = combined PHEV+HEV (source did not split); source unconfirmed
Georgia,Whole,2018,,1285,,,48640,,542135,168402,,,,,,528552,,HYBRID = combined PHEV+HEV (source did not split); source unconfirmed
Georgia,Whole,2019,,1902,,,67487,,585134,197320,,,,,,487439,,HYBRID = combined PHEV+HEV (source did not split); source unconfirmed
Georgia,Whole,2020,,2164,,,85733,,630641,220728,,,,,,465205,,HYBRID = combined PHEV+HEV (source did not split); source unconfirmed
Georgia,Whole,2021,,2393,,,100782,,745444,273991,,,,,,361653,,HYBRID = combined PHEV+HEV (source did not split); source unconfirmed
Georgia,Whole,2022,,3283,,,113893,,789692,300836,,,,,,355461,,HYBRID = combined PHEV+HEV (source did not split); source unconfirmed
Georgia,Whole,2023,,5052,,,136499,,855365,330158,,,,,,353362,,HYBRID = combined PHEV+HEV (source did not split); source unconfirmed
Georgia,Whole,2024,,9045,,,160083,,912065,356195,,,,,,353199,,HYBRID = combined PHEV+HEV (source did not split); source unconfirmed
Georgia,Whole,2025,,15581,,,188899,,983266,373633,,,,,,353529,,HYBRID = combined PHEV+HEV (source did not split); source unconfirmed
United Kingdom,Whole,2014,,12400,9900,,184600,,18936800,11142700,,,,,,44000,,
United Kingdom,Whole,2015,,21000,27600,,224400,,18817100,11857100,,,,,,40400,,
United Kingdom,Whole,2016,,29700,55100,,272500,,18824600,12574100,,,,,,36400,,
United Kingdom,Whole,2017,,42000,87000,,337700,,18759600,12901400,,,,,,32300,,
United Kingdom,Whole,2018,,56300,126300,,418400,,18912400,12951300,,,,,,28600,,
United Kingdom,Whole,2019,,90900,156100,,519200,,19240000,12852100,,,,,,26100,,
United Kingdom,Whole,2020,,194000,214700,,668700,,19097100,12498900,,,,,,24100,,
United Kingdom,Whole,2021,,379200,321500,,932900,,19084900,12146200,,,,,,24700,,
United Kingdom,Whole,2022,,629000,413800,,1271200,,19099800,11746600,,,,,,27100,,
United Kingdom,Whole,2023,,930600,540000,,1702500,,19151000,11227800,,,,,,27900,,
United Kingdom,Whole,2024,,1287200,686900,,2253300,,19035500,10677000,,,,,,26800,,
Germany,Whole,2025,KBA FZ 13.2.1 (Stand 1.1.2026),2034260,1122958,,3239605,,29343732,13385662,,66396,284455,,,9419,49486487,Stand 1.1.2026; HEV incl. MHEV
Germany,Whole,2024,KBA FZ 13.2.1 (Stand 1.1.2025),1651643,967423,,2589533,,29918520,13829261,,73123,299922,,,9741,49339166,Stand 1.1.2025; HEV incl. MHEV
Germany,Whole,2023,KBA FZ 13.2.1 (Stand 1.1.2024),1408681,921886,,1989376,,30235032,14142184,,77421,313723,,,10382,49098685,Stand 1.1.2024; HEV incl. MHEV
Germany,Whole,2022,KBA FZ 13.2.1 (Stand 1.1.2023),1013009,864712,,1473185,,30556538,14437489,,80630,326853,,,10620,48763036,Stand 1.1.2023; HEV incl. MHEV
Germany,Whole,2021,KBA FZ 13.2.1 (Stand 1.1.2022),618460,565956,,1103095,,31005134,14824262,,82309,331481,,,10181,48540878,Stand 1.1.2022; HEV incl. MHEV
Germany,Whole,2020,KBA FZ 13.2.1 (Stand 1.1.2021),309083,279861,,724228,,31435340,15060124,,83067,346765,,,10116,48248584,Stand 1.1.2021; HEV incl. MHEV
Germany,Whole,2019,KBA FZ 13.2.1 (Stand 1.1.2020),136617,102175,,437208,,31464680,15111382,,82198,371472,,,10245,47715977,Stand 1.1.2020; HEV incl. MHEV
Germany,Whole,2018,KBA FZ 13.2.1 (Stand 1.1.2019),83175,66997,,274414,,31031021,15153364,,80776,395592,,,10445,47095784,Stand 1.1.2019; HEV incl. MHEV
Germany,Whole,2017,KBA FZ 13.2.1 (Stand 1.1.2018),53861,44419,,192291,,30451268,15225296,,75459,421283,,,10717,46474594,Stand 1.1.2018; HEV incl. MHEV
Germany,Whole,2016,KBA FZ 13.2.1 (Stand 1.1.2017),34022,20975,,144430,,29978635,15089392,,77187,448025,,,10894,45803560,Stand 1.1.2017; HEV incl. MHEV
Germany,Whole,2015,KBA FZ 13.2.1 (Stand 1.1.2016),25502,,,130365,,29825223,14532426,,80300,475711,,,1682,45071209,Stand 1.1.2016; HEV = combined PHEV+HEV (source did not split); PETROL incl. ethanol (pre-2017)
Germany,Whole,2014,KBA FZ 13.2.1 (Stand 1.1.2015),18948,,,107754,,29837614,13861404,,81423,494148,,,1833,44403124,Stand 1.1.2015; HEV = combined PHEV+HEV (source did not split); PETROL incl. ethanol (pre-2017)
Germany,Whole,2013,KBA FZ 13.2.1 (Stand 1.1.2014),12156,,,85575,,29956296,13215190,,79065,500867,,,2081,43851230,Stand 1.1.2014; HEV = combined PHEV+HEV (source did not split); PETROL incl. ethanol (pre-2017)
Germany,Whole,2012,KBA FZ 13.2.1 (Stand 1.1.2013),7114,,,64995,,30206472,12578950,,76284,494777,,,2532,43431124,Stand 1.1.2013; HEV = combined PHEV+HEV (source did not split); PETROL incl. ethanol (pre-2017)
Germany,Whole,2011,KBA FZ 13.2.1 (Stand 1.1.2012),4541,0,,47642,,30452019,11891375,,74853,456252,,,965,42927647,Stand 1.1.2012; HEV incl. MHEV; PETROL incl. ethanol (pre-2017)
Germany,Whole,2010,KBA FZ 13.2.1 (Stand 1.1.2011),2307,0,,37256,,30487578,11266644,,71519,418659,,,17600,42301563,Stand 1.1.2011; HEV incl. MHEV; PETROL incl. ethanol (pre-2017)
Germany,Whole,2009,KBA FZ 13.2.1 (Stand 1.1.2010),1588,0,,28862,,30449617,10817769,,68515,369430,,,1846,41737627,Stand 1.1.2010; HEV incl. MHEV; PETROL incl. ethanol (pre-2017)
Norway,Whole,2016,,97532,34431,,56541,,1196148,1276947,,,,,,198,,
Norway,Whole,2017,,138983,67315,,77177,,1139998,1294493,,,,,,307,,
Norway,Whole,2018,,195351,96133,,94316,,1075179,1290442,,,,,,404,,
Norway,Whole,2019,,260692,116042,,110693,,1031207,1281019,,,,,,424,,
Norway,Whole,2020,,340002,146153,,125983,,950131,1246671,,,,,,402,,
Norway,Whole,2021,,460734,184503,,139358,,891950,1204097,,,,,,446,,
Norway,Whole,2022,,599169,198841,,149899,,822133,1135538,,,,,,424,,
Norway,Whole,2023,,689169,207021,,155019,,760010,1065135,,,,,,333,,
Norway,Whole,2024,,788750,208168,,161500,,715217,1005761,,,,,,329,,
Norway,Whole,2025,,945182,208467,,162422,,676614,942780,,,,,,270,,
Finland,Whole,1990,,5,0,,,,1767971,154951,,,,,,3399,,HEV folded into PETROL/DIESEL (not reported separately)
Finland,Whole,1991,,6,0,,,,1754494,152205,,,,,,3082,,HEV folded into PETROL/DIESEL (not reported separately)
Finland,Whole,1992,,7,0,,,,1773910,146797,,,,,,2860,,HEV folded into PETROL/DIESEL (not reported separately)
Finland,Whole,1993,,9,0,,,,1715211,142580,,,,,,2461,,HEV folded into PETROL/DIESEL (not reported separately)
Finland,Whole,1994,,11,0,,,,1716879,140873,,,,,,2224,,HEV folded into PETROL/DIESEL (not reported separately)
Finland,Whole,1995,,8,0,,,,1743291,142756,,,,,,2017,,HEV folded into PETROL/DIESEL (not reported separately)
Finland,Whole,1996,,7,0,,,,1775658,152109,,,,,,1808,,HEV folded into PETROL/DIESEL (not reported separately)
Finland,Whole,1997,,4,0,,,,1770871,163046,,,,,,1398,,HEV folded into PETROL/DIESEL (not reported separately)
Finland,Whole,1998,,4,0,,,,1827687,179062,,,,,,1174,,HEV folded into PETROL/DIESEL (not reported separately)
Finland,Whole,1999,,4,0,,,,1871860,196281,,,,,,910,,HEV folded into PETROL/DIESEL (not reported separately)
Finland,Whole,2000,,4,0,,,,1901943,218128,,,,,,674,,HEV folded into PETROL/DIESEL (not reported separately)
Finland,Whole,2001,,4,0,,,,1915576,230157,,,,,,506,,HEV folded into PETROL/DIESEL (not reported separately)
Finland,Whole,2002,,4,0,,,,1936940,242710,,,,,,371,,HEV folded into PETROL/DIESEL (not reported separately)
Finland,Whole,2003,,3,0,,,,1995049,264071,,,,,,260,,HEV folded into PETROL/DIESEL (not reported separately)
Finland,Whole,2004,,3,0,,,,2056949,274040,,,,,,198,,HEV folded into PETROL/DIESEL (not reported separately)
Finland,Whole,2005,,3,0,,,,2113042,301283,,,,,,149,,HEV folded into PETROL/DIESEL (not reported separately)
Finland,Whole,2006,,3,0,,,,2157205,331882,,,,,,197,,HEV folded into PETROL/DIESEL (not reported separately)
Finland,Whole,2007,,3,0,,,,2183632,369675,,,,,,246,,HEV folded into PETROL/DIESEL (not reported separately)
Finland,Whole,2008,,9,0,,,,2235645,446815,,,,,,362,,HEV folded into PETROL/DIESEL (not reported separately)
Finland,Whole,2009,,17,0,,,,2263284,494463,,,,,,527,,HEV folded into PETROL/DIESEL (not reported separately)
Finland,Whole,2010,,34,0,,,,2302347,554851,,,,,,1012,,HEV folded into PETROL/DIESEL (not reported separately)
Finland,Whole,2011,,70,0,,,,2339941,616590,,,,,,1967,,HEV folded into PETROL/DIESEL (not reported separately)
Finland,Whole,2012,,127,0,,,,2369141,663822,,,,,,3528,,HEV folded into PETROL/DIESEL (not reported separately)
Finland,Whole,2013,,188,0,,,,2396348,705113,,,,,,4185,,HEV folded into PETROL/DIESEL (not reported separately)
Finland,Whole,2014,,386,574,,,,2420721,746204,,,,,,4850,,HEV folded into PETROL/DIESEL (not reported separately)
Finland,Whole,2015,,657,1024,,,,2444229,783625,,,,,,5325,,HEV folded into PETROL/DIESEL (not reported separately)
Finland,Whole,2016,,889,2474,,,,2485541,827950,,,,,,5818,,HEV folded into PETROL/DIESEL (not reported separately)
Finland,Whole,2017,,1538,5818,,,,2517587,866613,,,,,,7381,,HEV folded into PETROL/DIESEL (not reported separately)
Finland,Whole,2018,,2500,13280,,,,2544204,900335,,,,,,10188,,HEV folded into PETROL/DIESEL (not reported separately)
Finland,Whole,2019,,4830,25103,,,,2580518,924911,,,,,,14441,,HEV folded into PETROL/DIESEL (not reported separately)
Finland,Whole,2020,,9959,46538,,,,2594265,939036,,,,,,17733,,HEV folded into PETROL/DIESEL (not reported separately)
Finland,Whole,2021,,23497,78473,,,,2579366,940312,,,,,,19884,,HEV folded into PETROL/DIESEL (not reported separately)
Finland,Whole,2022,,46584,107115,,,,2566959,931440,,,,,,21652,,HEV folded into PETROL/DIESEL (not reported separately)
Finland,Whole,2023,,86011,139338,,,,2553720,916615,,,,,,22595,,HEV folded into PETROL/DIESEL (not reported separately)
Finland,Whole,2024,,121539,172487,,,,2538512,900289,,,,,,23016,,HEV folded into PETROL/DIESEL (not reported separately)
Finland,Whole,2025,,169458,193767,,,,2522939,883736,,,,,,23018,,HEV folded into PETROL/DIESEL (not reported separately)
Denmark,Whole,1993,,65,0,,,,1526694,75880,,,,,,1414,,HEV folded into PETROL/DIESEL (not reported separately)
Denmark,Whole,1994,,114,0,,,,1540827,75793,,,,,,1000,,HEV folded into PETROL/DIESEL (not reported separately)
Denmark,Whole,1995,,132,0,,,,1534307,76141,,,,,,611,,HEV folded into PETROL/DIESEL (not reported separately)
Denmark,Whole,1996,,142,0,,,,1599992,78451,,,,,,422,,HEV folded into PETROL/DIESEL (not reported separately)
Denmark,Whole,1997,,164,0,,,,1658987,79440,,,,,,263,,HEV folded into PETROL/DIESEL (not reported separately)
Denmark,Whole,1998,,203,0,,,,1702543,80207,,,,,,145,,HEV folded into PETROL/DIESEL (not reported separately)
Denmark,Whole,1999,,229,0,,,,1733602,83240,,,,,,76,,HEV folded into PETROL/DIESEL (not reported separately)
Denmark,Whole,2000,,222,0,,,,1750178,92810,,,,,,44,,HEV folded into PETROL/DIESEL (not reported separately)
Denmark,Whole,2001,,238,0,,,,1747961,105836,,,,,,25,,HEV folded into PETROL/DIESEL (not reported separately)
Denmark,Whole,2002,,215,0,,,,1751905,120490,,,,,,21,,HEV folded into PETROL/DIESEL (not reported separately)
Denmark,Whole,2003,,200,0,,,,1748911,139162,,,,,,17,,HEV folded into PETROL/DIESEL (not reported separately)
Denmark,Whole,2004,,182,0,,,,1736917,157537,,,,,,13,,HEV folded into PETROL/DIESEL (not reported separately)
Denmark,Whole,2005,,161,0,,,,1731048,184597,,,,,,15,,HEV folded into PETROL/DIESEL (not reported separately)
Denmark,Whole,2006,,146,0,,,,1746007,218513,,,,,,16,,HEV folded into PETROL/DIESEL (not reported separately)
Denmark,Whole,2007,,150,0,,,,1759679,260166,,,,,,18,,HEV folded into PETROL/DIESEL (not reported separately)
Denmark,Whole,2008,,142,0,,,,1745668,322667,,,,,,16,,HEV folded into PETROL/DIESEL (not reported separately)
Denmark,Whole,2009,,140,0,,,,1715006,383921,,,,,,23,,HEV folded into PETROL/DIESEL (not reported separately)
Denmark,Whole,2010,,219,0,,,,1686330,433743,,,,,,30,,HEV folded into PETROL/DIESEL (not reported separately)
Denmark,Whole,2011,,296,0,,,,1661702,501653,,,,,,25,,HEV folded into PETROL/DIESEL (not reported separately)
Denmark,Whole,2012,,749,0,,,,1632047,565009,,,,,,26,,HEV folded into PETROL/DIESEL (not reported separately)
Denmark,Whole,2013,,1243,0,,,,1614071,618268,,,,,,28,,HEV folded into PETROL/DIESEL (not reported separately)
Denmark,Whole,2014,,1536,0,,,,1623238,653290,,,,,,57,,HEV folded into PETROL/DIESEL (not reported separately)
Denmark,Whole,2015,,2919,0,,,,1639695,686869,,,,,,95,,HEV folded into PETROL/DIESEL (not reported separately)
Denmark,Whole,2016,,7888,556,,,,1666621,715628,,,,,,130,,HEV folded into PETROL/DIESEL (not reported separately)
Denmark,Whole,2017,,8662,1101,,,,1701550,754054,,,,,,171,,HEV folded into PETROL/DIESEL (not reported separately)
Denmark,Whole,2018,,8765,1776,,,,1736427,782859,,,,,,220,,HEV folded into PETROL/DIESEL (not reported separately)
Denmark,Whole,2019,,10037,5168,,,,1766543,812502,,,,,,219,,HEV folded into PETROL/DIESEL (not reported separately)
Denmark,Whole,2020,,15507,9838,,,,1803976,822181,,,,,,224,,HEV folded into PETROL/DIESEL (not reported separately)
Denmark,Whole,2021,,31886,29695,,,,1834418,827412,,,,,,256,,HEV folded into PETROL/DIESEL (not reported separately)
Denmark,Whole,2022,,66610,77858,,,,1840349,802420,,,,,,316,,HEV folded into PETROL/DIESEL (not reported separately)
Denmark,Whole,2023,,112674,104946,,,,1820424,762754,,,,,,278,,HEV folded into PETROL/DIESEL (not reported separately)
Denmark,Whole,2024,,200108,123000,,,,1796437,708176,,,,,,143,,HEV folded into PETROL/DIESEL (not reported separately)
Denmark,Whole,2025,,344439,127565,,,,1747652,645131,,,,,,117,,HEV folded into PETROL/DIESEL (not reported separately)
Canada,Whole,2017,,19939,23827,,172196,,22737342,1656334,,,,,,3054,,
Canada,Whole,2018,,36197,40189,,191809,,23108014,1657321,,,,,,3447,,
Canada,Whole,2019,,66841,59663,,218309,,23392965,1676383,,,,,,4063,,
Canada,Whole,2020,,103585,77055,,247528,,23626956,1689816,,,,,,4717,,
Canada,Whole,2021,,153272,95900,,303283,,23946115,1744774,,,,,,5272,,
Canada,Whole,2022,,222306,119672,,365706,,23310270,1733613,,,,,,5463,,
Canada,Whole,2023,,329397,145016,,444614,,23054570,1733045,,,,,,5650,,
Canada,Whole,2024,,491083,197591,,586203,,23743959,1763076,,,,,,5806,,
Netherlands,Whole,2018,,43273,94678,,,,6984126,1173160,,,,,,141907,,HEV folded into PETROL/DIESEL (RDW does not report full hybrids separately)
Netherlands,Whole,2019,,104539,91898,,,,7158962,1078341,,,,,,132115,,HEV folded into PETROL/DIESEL (RDW does not report full hybrids separately)
Netherlands,Whole,2020,,171746,98422,,,,7302204,959337,,,,,,125039,,HEV folded into PETROL/DIESEL (RDW does not report full hybrids separately)
Netherlands,Whole,2021,,241960,138177,,,,7429864,850070,,,,,,119070,,HEV folded into PETROL/DIESEL (RDW does not report full hybrids separately)
Netherlands,Whole,2022,,324534,186994,,,,7498734,726199,,,,,,115452,,HEV folded into PETROL/DIESEL (RDW does not report full hybrids separately)
Netherlands,Whole,2023,,435717,262406,,,,7549898,609155,,,,,,110830,,HEV folded into PETROL/DIESEL (RDW does not report full hybrids separately)
Netherlands,Whole,2024,,557798,372662,,,,7594184,508352,,,,,,106053,,HEV folded into PETROL/DIESEL (RDW does not report full hybrids separately)
Netherlands,Whole,2025,,680625,518198,,,,7580179,419636,,,,,,100852,,HEV folded into PETROL/DIESEL (RDW does not report full hybrids separately)
