period,time_interval,variant,source,BEV,PHEV,HEV,PETROL,DIESEL,CNG,LPG,FLEXFUEL,OTHERS,TOTAL,notes
2017-07,yearly,Whole,"vahan.parivahan.gov.in (VAHAN4 dashboard, Fuel Wise Calendar Year; Vehicle Class = MOTOR CAR + MOTOR CAB + LUXURY CAB = EU M1)",1130.0,0.0,48486.0,1665975.0,1231930.0,228400.0,26801.0,1.0,5988.0,3208711.0,
2018-07,yearly,Whole,"vahan.parivahan.gov.in (VAHAN4 dashboard, Fuel Wise Calendar Year; Vehicle Class = MOTOR CAR + MOTOR CAB + LUXURY CAB = EU M1)",1704.0,0.0,71554.0,1730182.0,1198357.0,254352.0,23002.0,2.0,8016.0,3287169.0,
2019-07,yearly,Whole,"vahan.parivahan.gov.in (VAHAN4 dashboard, Fuel Wise Calendar Year; Vehicle Class = MOTOR CAR + MOTOR CAB + LUXURY CAB = EU M1)",2007.0,0.0,115856.0,1688802.0,1020561.0,246889.0,19267.0,0.0,5445.0,3098827.0,
2020-01,monthly,Whole,"vahan.parivahan.gov.in (VAHAN4 dashboard, Fuel x Month Wise; Vehicle Class = MOTOR CAR + MOTOR CAB + LUXURY CAB = EU M1)",318.0,0.0,7410.0,188680.0,99915.0,28369.0,1535.0,0.0,301.0,326528.0,
2020-02,monthly,Whole,"vahan.parivahan.gov.in (VAHAN4 dashboard, Fuel x Month Wise; Vehicle Class = MOTOR CAR + MOTOR CAB + LUXURY CAB = EU M1)",514.0,0.0,5979.0,149880.0,79710.0,19270.0,1418.0,0.0,161.0,256932.0,
2020-03,monthly,Whole,"vahan.parivahan.gov.in (VAHAN4 dashboard, Fuel x Month Wise; Vehicle Class = MOTOR CAR + MOTOR CAB + LUXURY CAB = EU M1)",462.0,0.0,8362.0,142966.0,77976.0,15875.0,1154.0,0.0,172.0,246967.0,
2020-04,monthly,Whole,"vahan.parivahan.gov.in (VAHAN4 dashboard, Fuel x Month Wise; Vehicle Class = MOTOR CAR + MOTOR CAB + LUXURY CAB = EU M1)",3.0,0.0,607.0,13397.0,9290.0,1005.0,115.0,0.0,4.0,24421.0,
2020-05,monthly,Whole,"vahan.parivahan.gov.in (VAHAN4 dashboard, Fuel x Month Wise; Vehicle Class = MOTOR CAR + MOTOR CAB + LUXURY CAB = EU M1)",86.0,0.0,1694.0,26340.0,4451.0,1676.0,194.0,0.0,1.0,34442.0,
2020-06,monthly,Whole,"vahan.parivahan.gov.in (VAHAN4 dashboard, Fuel x Month Wise; Vehicle Class = MOTOR CAR + MOTOR CAB + LUXURY CAB = EU M1)",313.0,0.0,6551.0,102875.0,20353.0,9878.0,668.0,0.0,10.0,140648.0,
2020-07,monthly,Whole,"vahan.parivahan.gov.in (VAHAN4 dashboard, Fuel x Month Wise; Vehicle Class = MOTOR CAR + MOTOR CAB + LUXURY CAB = EU M1)",373.0,0.0,6629.0,128412.0,28453.0,14327.0,974.0,0.0,9.0,179177.0,
2020-08,monthly,Whole,"vahan.parivahan.gov.in (VAHAN4 dashboard, Fuel x Month Wise; Vehicle Class = MOTOR CAR + MOTOR CAB + LUXURY CAB = EU M1)",396.0,0.0,8448.0,144610.0,32627.0,17824.0,914.0,0.0,17.0,204836.0,
2020-09,monthly,Whole,"vahan.parivahan.gov.in (VAHAN4 dashboard, Fuel x Month Wise; Vehicle Class = MOTOR CAR + MOTOR CAB + LUXURY CAB = EU M1)",363.0,0.0,9783.0,161467.0,38097.0,17544.0,1226.0,0.0,20.0,228500.0,
2020-10,monthly,Whole,"vahan.parivahan.gov.in (VAHAN4 dashboard, Fuel x Month Wise; Vehicle Class = MOTOR CAR + MOTOR CAB + LUXURY CAB = EU M1)",480.0,0.0,11105.0,201215.0,45102.0,24403.0,1214.0,0.0,25.0,283544.0,
2020-11,monthly,Whole,"vahan.parivahan.gov.in (VAHAN4 dashboard, Fuel x Month Wise; Vehicle Class = MOTOR CAR + MOTOR CAB + LUXURY CAB = EU M1)",587.0,0.0,12920.0,240007.0,54184.0,27223.0,1293.0,0.0,17.0,336231.0,
2020-12,monthly,Whole,"vahan.parivahan.gov.in (VAHAN4 dashboard, Fuel x Month Wise; Vehicle Class = MOTOR CAR + MOTOR CAB + LUXURY CAB = EU M1)",542.0,0.0,12608.0,222792.0,51441.0,24512.0,1492.0,0.0,17.0,313404.0,
2021-01,monthly,Whole,"vahan.parivahan.gov.in (VAHAN4 dashboard, Fuel x Month Wise; Vehicle Class = MOTOR CAR + MOTOR CAB + LUXURY CAB = EU M1)",688.0,0.0,13611.0,228341.0,51398.0,29530.0,1592.0,0.0,26.0,325186.0,
2021-02,monthly,Whole,"vahan.parivahan.gov.in (VAHAN4 dashboard, Fuel x Month Wise; Vehicle Class = MOTOR CAR + MOTOR CAB + LUXURY CAB = EU M1)",676.0,0.0,11281.0,197872.0,51010.0,27323.0,1372.0,0.0,12.0,289546.0,
2021-03,monthly,Whole,"vahan.parivahan.gov.in (VAHAN4 dashboard, Fuel x Month Wise; Vehicle Class = MOTOR CAR + MOTOR CAB + LUXURY CAB = EU M1)",962.0,0.0,12935.0,218047.0,58364.0,30241.0,1422.0,0.0,16.0,321987.0,
2021-04,monthly,Whole,"vahan.parivahan.gov.in (VAHAN4 dashboard, Fuel x Month Wise; Vehicle Class = MOTOR CAR + MOTOR CAB + LUXURY CAB = EU M1)",709.0,0.0,8623.0,165270.0,41496.0,18197.0,808.0,0.0,15.0,235118.0,
2021-05,monthly,Whole,"vahan.parivahan.gov.in (VAHAN4 dashboard, Fuel x Month Wise; Vehicle Class = MOTOR CAR + MOTOR CAB + LUXURY CAB = EU M1)",276.0,0.0,3268.0,62054.0,19342.0,10469.0,200.0,0.0,6.0,95615.0,
2021-06,monthly,Whole,"vahan.parivahan.gov.in (VAHAN4 dashboard, Fuel x Month Wise; Vehicle Class = MOTOR CAR + MOTOR CAB + LUXURY CAB = EU M1)",871.0,0.0,7795.0,144935.0,43413.0,17796.0,818.0,0.0,12.0,215640.0,
2021-07,monthly,Whole,"vahan.parivahan.gov.in (VAHAN4 dashboard, Fuel x Month Wise; Vehicle Class = MOTOR CAR + MOTOR CAB + LUXURY CAB = EU M1)",1223.0,0.0,13316.0,194802.0,56557.0,30848.0,1194.0,0.0,22.0,297962.0,
2021-08,monthly,Whole,"vahan.parivahan.gov.in (VAHAN4 dashboard, Fuel x Month Wise; Vehicle Class = MOTOR CAR + MOTOR CAB + LUXURY CAB = EU M1)",1198.0,0.0,12698.0,189064.0,55450.0,28587.0,1116.0,0.0,13.0,288126.0,
2021-09,monthly,Whole,"vahan.parivahan.gov.in (VAHAN4 dashboard, Fuel x Month Wise; Vehicle Class = MOTOR CAR + MOTOR CAB + LUXURY CAB = EU M1)",1413.0,0.0,11036.0,181763.0,49586.0,22799.0,950.0,0.0,19.0,267566.0,
2021-10,monthly,Whole,"vahan.parivahan.gov.in (VAHAN4 dashboard, Fuel x Month Wise; Vehicle Class = MOTOR CAR + MOTOR CAB + LUXURY CAB = EU M1)",1489.0,0.0,13243.0,176274.0,45184.0,20148.0,773.0,0.0,17.0,257128.0,
2021-11,monthly,Whole,"vahan.parivahan.gov.in (VAHAN4 dashboard, Fuel x Month Wise; Vehicle Class = MOTOR CAR + MOTOR CAB + LUXURY CAB = EU M1)",1723.0,0.0,12490.0,190477.0,47770.0,20981.0,907.0,0.0,29.0,274377.0,
2021-12,monthly,Whole,"vahan.parivahan.gov.in (VAHAN4 dashboard, Fuel x Month Wise; Vehicle Class = MOTOR CAR + MOTOR CAB + LUXURY CAB = EU M1)",2747.0,0.0,10399.0,189555.0,49835.0,22966.0,903.0,0.0,62.0,276467.0,
2022-01,monthly,Whole,"vahan.parivahan.gov.in (VAHAN4 dashboard, Fuel x Month Wise; Vehicle Class = MOTOR CAR + MOTOR CAB + LUXURY CAB = EU M1)",1656.0,0.0,11526.0,197937.0,49187.0,31575.0,939.0,0.0,73.0,292893.0,
2022-02,monthly,Whole,"vahan.parivahan.gov.in (VAHAN4 dashboard, Fuel x Month Wise; Vehicle Class = MOTOR CAR + MOTOR CAB + LUXURY CAB = EU M1)",2569.0,0.0,9924.0,172150.0,50142.0,34370.0,732.0,0.0,54.0,269941.0,
2022-03,monthly,Whole,"vahan.parivahan.gov.in (VAHAN4 dashboard, Fuel x Month Wise; Vehicle Class = MOTOR CAR + MOTOR CAB + LUXURY CAB = EU M1)",3921.0,0.0,8607.0,190108.0,62115.0,38871.0,765.0,0.0,121.0,304508.0,
2022-04,monthly,Whole,"vahan.parivahan.gov.in (VAHAN4 dashboard, Fuel x Month Wise; Vehicle Class = MOTOR CAR + MOTOR CAB + LUXURY CAB = EU M1)",2443.0,0.0,7558.0,188639.0,60680.0,36542.0,850.0,0.0,105.0,296817.0,
2022-05,monthly,Whole,"vahan.parivahan.gov.in (VAHAN4 dashboard, Fuel x Month Wise; Vehicle Class = MOTOR CAR + MOTOR CAB + LUXURY CAB = EU M1)",3146.0,0.0,16102.0,187193.0,55214.0,35706.0,930.0,0.0,30.0,298321.0,
2022-06,monthly,Whole,"vahan.parivahan.gov.in (VAHAN4 dashboard, Fuel x Month Wise; Vehicle Class = MOTOR CAR + MOTOR CAB + LUXURY CAB = EU M1)",3399.0,0.0,13008.0,183989.0,56273.0,36808.0,848.0,0.0,12.0,294337.0,
2022-07,monthly,Whole,"vahan.parivahan.gov.in (VAHAN4 dashboard, Fuel x Month Wise; Vehicle Class = MOTOR CAR + MOTOR CAB + LUXURY CAB = EU M1)",3651.0,0.0,12508.0,175014.0,57519.0,36018.0,793.0,0.0,8.0,285511.0,
2022-08,monthly,Whole,"vahan.parivahan.gov.in (VAHAN4 dashboard, Fuel x Month Wise; Vehicle Class = MOTOR CAR + MOTOR CAB + LUXURY CAB = EU M1)",3582.0,0.0,18891.0,187731.0,59271.0,36500.0,919.0,0.0,7.0,306901.0,
2022-09,monthly,Whole,"vahan.parivahan.gov.in (VAHAN4 dashboard, Fuel x Month Wise; Vehicle Class = MOTOR CAR + MOTOR CAB + LUXURY CAB = EU M1)",3799.0,0.0,19533.0,179022.0,57377.0,32108.0,721.0,0.0,6.0,292566.0,
2022-10,monthly,Whole,"vahan.parivahan.gov.in (VAHAN4 dashboard, Fuel x Month Wise; Vehicle Class = MOTOR CAR + MOTOR CAB + LUXURY CAB = EU M1)",4214.0,0.0,27653.0,223527.0,70047.0,45909.0,960.0,0.0,4.0,372314.0,
2022-11,monthly,Whole,"vahan.parivahan.gov.in (VAHAN4 dashboard, Fuel x Month Wise; Vehicle Class = MOTOR CAR + MOTOR CAB + LUXURY CAB = EU M1)",4318.0,0.0,25954.0,192695.0,61166.0,39201.0,480.0,0.0,4.0,323818.0,
2022-12,monthly,Whole,"vahan.parivahan.gov.in (VAHAN4 dashboard, Fuel x Month Wise; Vehicle Class = MOTOR CAR + MOTOR CAB + LUXURY CAB = EU M1)",4236.0,0.0,24581.0,181549.0,54234.0,33912.0,474.0,0.0,6.0,298992.0,
2023-01,monthly,Whole,"vahan.parivahan.gov.in (VAHAN4 dashboard, Fuel x Month Wise; Vehicle Class = MOTOR CAR + MOTOR CAB + LUXURY CAB = EU M1)",3902.0,0.0,30294.0,219744.0,64084.0,46434.0,734.0,0.0,3.0,365195.0,
2023-02,monthly,Whole,"vahan.parivahan.gov.in (VAHAN4 dashboard, Fuel x Month Wise; Vehicle Class = MOTOR CAR + MOTOR CAB + LUXURY CAB = EU M1)",5195.0,0.0,31435.0,180436.0,56114.0,31026.0,609.0,0.0,2.0,304817.0,
2023-03,monthly,Whole,"vahan.parivahan.gov.in (VAHAN4 dashboard, Fuel x Month Wise; Vehicle Class = MOTOR CAR + MOTOR CAB + LUXURY CAB = EU M1)",9357.0,0.0,37749.0,207781.0,61172.0,35512.0,756.0,0.0,9.0,352336.0,
2023-04,monthly,Whole,"vahan.parivahan.gov.in (VAHAN4 dashboard, Fuel x Month Wise; Vehicle Class = MOTOR CAR + MOTOR CAB + LUXURY CAB = EU M1)",6730.0,0.0,27769.0,175238.0,55314.0,34341.0,519.0,0.0,6.0,299917.0,
2023-05,monthly,Whole,"vahan.parivahan.gov.in (VAHAN4 dashboard, Fuel x Month Wise; Vehicle Class = MOTOR CAR + MOTOR CAB + LUXURY CAB = EU M1)",8475.0,0.0,26090.0,181588.0,59788.0,39995.0,474.0,0.0,12.0,316422.0,
2023-06,monthly,Whole,"vahan.parivahan.gov.in (VAHAN4 dashboard, Fuel x Month Wise; Vehicle Class = MOTOR CAR + MOTOR CAB + LUXURY CAB = EU M1)",8819.0,0.0,26306.0,175433.0,56511.0,44697.0,529.0,0.0,23.0,312318.0,
2023-07,monthly,Whole,"vahan.parivahan.gov.in (VAHAN4 dashboard, Fuel x Month Wise; Vehicle Class = MOTOR CAR + MOTOR CAB + LUXURY CAB = EU M1)",8522.0,0.0,23084.0,167137.0,54178.0,46329.0,532.0,0.0,28.0,299810.0,
2023-08,monthly,Whole,"vahan.parivahan.gov.in (VAHAN4 dashboard, Fuel x Month Wise; Vehicle Class = MOTOR CAR + MOTOR CAB + LUXURY CAB = EU M1)",7528.0,0.0,25559.0,188630.0,57901.0,53296.0,514.0,1.0,36.0,333465.0,
2023-09,monthly,Whole,"vahan.parivahan.gov.in (VAHAN4 dashboard, Fuel x Month Wise; Vehicle Class = MOTOR CAR + MOTOR CAB + LUXURY CAB = EU M1)",6828.0,0.0,26835.0,196623.0,60500.0,57454.0,500.0,0.0,28.0,348768.0,
2023-10,monthly,Whole,"vahan.parivahan.gov.in (VAHAN4 dashboard, Fuel x Month Wise; Vehicle Class = MOTOR CAR + MOTOR CAB + LUXURY CAB = EU M1)",8019.0,0.0,27427.0,212742.0,61459.0,62644.0,539.0,0.0,30.0,372860.0,
2023-11,monthly,Whole,"vahan.parivahan.gov.in (VAHAN4 dashboard, Fuel x Month Wise; Vehicle Class = MOTOR CAR + MOTOR CAB + LUXURY CAB = EU M1)",7936.0,0.0,26148.0,225630.0,64151.0,62683.0,532.0,0.0,51.0,387131.0,
2023-12,monthly,Whole,"vahan.parivahan.gov.in (VAHAN4 dashboard, Fuel x Month Wise; Vehicle Class = MOTOR CAR + MOTOR CAB + LUXURY CAB = EU M1)",8046.0,0.0,22079.0,183047.0,50856.0,46802.0,379.0,0.0,40.0,311249.0,
2024-01,monthly,Whole,"vahan.parivahan.gov.in (VAHAN4 dashboard, Fuel x Month Wise; Vehicle Class = MOTOR CAR + MOTOR CAB + LUXURY CAB = EU M1)",9050.0,0.0,31427.0,238050.0,68800.0,71274.0,804.0,0.0,36.0,419441.0,
2024-02,monthly,Whole,"vahan.parivahan.gov.in (VAHAN4 dashboard, Fuel x Month Wise; Vehicle Class = MOTOR CAR + MOTOR CAB + LUXURY CAB = EU M1)",7957.0,0.0,30589.0,188974.0,64725.0,54640.0,589.0,0.0,34.0,347508.0,
2024-03,monthly,Whole,"vahan.parivahan.gov.in (VAHAN4 dashboard, Fuel x Month Wise; Vehicle Class = MOTOR CAR + MOTOR CAB + LUXURY CAB = EU M1)",10410.0,0.0,29199.0,179578.0,63811.0,54782.0,642.0,1.0,44.0,338467.0,
2024-04,monthly,Whole,"vahan.parivahan.gov.in (VAHAN4 dashboard, Fuel x Month Wise; Vehicle Class = MOTOR CAR + MOTOR CAB + LUXURY CAB = EU M1)",8233.0,0.0,30206.0,189204.0,64124.0,61004.0,692.0,0.0,28.0,353491.0,
2024-05,monthly,Whole,"vahan.parivahan.gov.in (VAHAN4 dashboard, Fuel x Month Wise; Vehicle Class = MOTOR CAR + MOTOR CAB + LUXURY CAB = EU M1)",8458.0,1.0,26833.0,168609.0,57310.0,59155.0,579.0,0.0,42.0,320987.0,
2024-06,monthly,Whole,"vahan.parivahan.gov.in (VAHAN4 dashboard, Fuel x Month Wise; Vehicle Class = MOTOR CAR + MOTOR CAB + LUXURY CAB = EU M1)",7685.0,0.0,24936.0,157605.0,53919.0,54650.0,664.0,0.0,27.0,299486.0,
2024-07,monthly,Whole,"vahan.parivahan.gov.in (VAHAN4 dashboard, Fuel x Month Wise; Vehicle Class = MOTOR CAR + MOTOR CAB + LUXURY CAB = EU M1)",8387.0,2.0,29648.0,177218.0,61467.0,62685.0,886.0,0.0,35.0,340328.0,
2024-08,monthly,Whole,"vahan.parivahan.gov.in (VAHAN4 dashboard, Fuel x Month Wise; Vehicle Class = MOTOR CAR + MOTOR CAB + LUXURY CAB = EU M1)",7133.0,1.0,29092.0,169488.0,60977.0,61605.0,772.0,0.0,21.0,329089.0,
2024-09,monthly,Whole,"vahan.parivahan.gov.in (VAHAN4 dashboard, Fuel x Month Wise; Vehicle Class = MOTOR CAR + MOTOR CAB + LUXURY CAB = EU M1)",6506.0,11.0,26577.0,149884.0,54038.0,54263.0,668.0,0.0,20.0,291967.0,
2024-10,monthly,Whole,"vahan.parivahan.gov.in (VAHAN4 dashboard, Fuel x Month Wise; Vehicle Class = MOTOR CAR + MOTOR CAB + LUXURY CAB = EU M1)",11832.0,14.0,42189.0,257823.0,91150.0,105801.0,1245.0,0.0,28.0,510082.0,
2024-11,monthly,Whole,"vahan.parivahan.gov.in (VAHAN4 dashboard, Fuel x Month Wise; Vehicle Class = MOTOR CAR + MOTOR CAB + LUXURY CAB = EU M1)",9843.0,6.0,28011.0,180507.0,63421.0,63343.0,772.0,0.0,35.0,345938.0,
2024-12,monthly,Whole,"vahan.parivahan.gov.in (VAHAN4 dashboard, Fuel x Month Wise; Vehicle Class = MOTOR CAR + MOTOR CAB + LUXURY CAB = EU M1)",10019.0,7.0,27014.0,163958.0,51964.0,54619.0,532.0,0.0,13.0,308126.0,
2025-01,monthly,Whole,"vahan.parivahan.gov.in (VAHAN4 dashboard, Fuel x Month Wise; Vehicle Class = MOTOR CAR + MOTOR CAB + LUXURY CAB = EU M1)",13345.0,11.0,41494.0,248848.0,80217.0,108463.0,1394.0,0.0,31.0,493803.0,
2025-02,monthly,Whole,"vahan.parivahan.gov.in (VAHAN4 dashboard, Fuel x Month Wise; Vehicle Class = MOTOR CAR + MOTOR CAB + LUXURY CAB = EU M1)",10507.0,8.0,26863.0,155174.0,61448.0,64558.0,729.0,0.0,21.0,319308.0,
2025-03,monthly,Whole,"vahan.parivahan.gov.in (VAHAN4 dashboard, Fuel x Month Wise; Vehicle Class = MOTOR CAR + MOTOR CAB + LUXURY CAB = EU M1)",14426.0,14.0,28930.0,176551.0,68450.0,75652.0,977.0,0.0,17.0,365017.0,
2025-04,monthly,Whole,"vahan.parivahan.gov.in (VAHAN4 dashboard, Fuel x Month Wise; Vehicle Class = MOTOR CAR + MOTOR CAB + LUXURY CAB = EU M1)",14821.0,8.0,31023.0,184433.0,68962.0,72388.0,778.0,0.0,17.0,372430.0,
2025-05,monthly,Whole,"vahan.parivahan.gov.in (VAHAN4 dashboard, Fuel x Month Wise; Vehicle Class = MOTOR CAR + MOTOR CAB + LUXURY CAB = EU M1)",14711.0,5.0,26278.0,154548.0,61403.0,64253.0,686.0,0.0,30.0,321914.0,
2025-06,monthly,Whole,"vahan.parivahan.gov.in (VAHAN4 dashboard, Fuel x Month Wise; Vehicle Class = MOTOR CAR + MOTOR CAB + LUXURY CAB = EU M1)",15298.0,6.0,25361.0,150400.0,58345.0,65479.0,784.0,0.0,30.0,315703.0,
2025-07,monthly,Whole,"vahan.parivahan.gov.in (VAHAN4 dashboard, Fuel x Month Wise; Vehicle Class = MOTOR CAR + MOTOR CAB + LUXURY CAB = EU M1)",17962.0,10.0,27518.0,164352.0,60798.0,73202.0,991.0,0.0,59.0,344892.0,
2025-08,monthly,Whole,"vahan.parivahan.gov.in (VAHAN4 dashboard, Fuel x Month Wise; Vehicle Class = MOTOR CAR + MOTOR CAB + LUXURY CAB = EU M1)",20198.0,4.0,27529.0,159083.0,61447.0,73133.0,817.0,0.0,75.0,342286.0,
2025-09,monthly,Whole,"vahan.parivahan.gov.in (VAHAN4 dashboard, Fuel x Month Wise; Vehicle Class = MOTOR CAR + MOTOR CAB + LUXURY CAB = EU M1)",18544.0,1.0,23580.0,150958.0,55741.0,69933.0,889.0,0.0,62.0,319708.0,
2025-10,monthly,Whole,"vahan.parivahan.gov.in (VAHAN4 dashboard, Fuel x Month Wise; Vehicle Class = MOTOR CAR + MOTOR CAB + LUXURY CAB = EU M1)",20975.0,3.0,41193.0,288688.0,99583.0,134952.0,1496.0,2.0,89.0,586981.0,
2025-11,monthly,Whole,"vahan.parivahan.gov.in (VAHAN4 dashboard, Fuel x Month Wise; Vehicle Class = MOTOR CAR + MOTOR CAB + LUXURY CAB = EU M1)",17626.0,2.0,33428.0,206604.0,76073.0,87655.0,729.0,0.0,142.0,422259.0,
2025-12,monthly,Whole,"vahan.parivahan.gov.in (VAHAN4 dashboard, Fuel x Month Wise; Vehicle Class = MOTOR CAR + MOTOR CAB + LUXURY CAB = EU M1)",17766.0,1.0,33595.0,197593.0,64206.0,83424.0,640.0,0.0,108.0,397333.0,
2026-01,monthly,Whole,"vahan.parivahan.gov.in (VAHAN4 dashboard, Fuel x Month Wise; Vehicle Class = MOTOR CAR + MOTOR CAB + LUXURY CAB = EU M1)",21648.0,6.0,47333.0,255243.0,91964.0,123347.0,1108.0,0.0,160.0,540809.0,
2026-02,monthly,Whole,"vahan.parivahan.gov.in (VAHAN4 dashboard, Fuel x Month Wise; Vehicle Class = MOTOR CAR + MOTOR CAB + LUXURY CAB = EU M1)",16490.0,2.0,33681.0,186542.0,77980.0,97089.0,514.0,0.0,89.0,412387.0,
2026-03,monthly,Whole,"vahan.parivahan.gov.in (VAHAN4 dashboard, Fuel x Month Wise; Vehicle Class = MOTOR CAR + MOTOR CAB + LUXURY CAB = EU M1)",26086.0,3.0,36688.0,206303.0,86494.0,109232.0,374.0,0.0,481.0,465661.0,
2026-04,monthly,Whole,"vahan.parivahan.gov.in (VAHAN4 dashboard, Fuel x Month Wise; Vehicle Class = MOTOR CAR + MOTOR CAB + LUXURY CAB = EU M1)",26275.0,1.0,35412.0,193165.0,74478.0,95615.0,170.0,0.0,124.0,425240.0,
2026-05,monthly,Whole,"vahan.parivahan.gov.in (VAHAN4 dashboard, Fuel x Month Wise; Vehicle Class = MOTOR CAR + MOTOR CAB + LUXURY CAB = EU M1)",28551.0,1.0,33408.0,186069.0,66999.0,96897.0,156.0,0.0,1.0,412082.0,
2026-06,monthly,Whole,"vahan.parivahan.gov.in (VAHAN4 dashboard, Fuel x Month Wise; Vehicle Class = MOTOR CAR + MOTOR CAB + LUXURY CAB = EU M1)",33711.0,1.0,35026.0,180955.0,67340.0,103062.0,151.0,3.0,11.0,420260.0,
2026-07,monthly,Whole,"vahan.parivahan.gov.in (VAHAN4 dashboard, Fuel x Month Wise; Vehicle Class = MOTOR CAR + MOTOR CAB + LUXURY CAB = EU M1)",34646.0,2.0,34327.0,174857.0,74424.0,104607.0,115.0,6.0,4.0,422988.0,provisional (VAHAN daily backfill; revised upward on re-pull)
2026-08,monthly,Whole,"vahan.parivahan.gov.in (VAHAN4 dashboard, Fuel x Month Wise; Vehicle Class = MOTOR CAR + MOTOR CAB + LUXURY CAB = EU M1)",31732.0,5.0,36907.0,165113.0,68874.0,102813.0,27.0,3.0,1.0,405475.0,provisional (VAHAN daily backfill; revised upward on re-pull)
