period,time_interval,variant,source,BEV,PHEV,HEV,PETROL,DIESEL,OTHERS,TOTAL,notes
2017-01,monthly,Whole,data.gov.il (Ministry of Transport registry),1.0,136.0,2559.0,34744.0,3178.0,113.0,40731.0,
2017-02,monthly,Whole,data.gov.il (Ministry of Transport registry),3.0,17.0,1778.0,18118.0,1570.0,70.0,21556.0,
2017-03,monthly,Whole,data.gov.il (Ministry of Transport registry),5.0,70.0,2238.0,20035.0,1719.0,70.0,24137.0,
2017-04,monthly,Whole,data.gov.il (Ministry of Transport registry),2.0,96.0,1643.0,13904.0,1268.0,54.0,16967.0,
2017-05,monthly,Whole,data.gov.il (Ministry of Transport registry),5.0,134.0,2786.0,16807.0,1574.0,67.0,21373.0,
2017-06,monthly,Whole,data.gov.il (Ministry of Transport registry),5.0,162.0,2127.0,17135.0,2106.0,63.0,21598.0,
2017-07,monthly,Whole,data.gov.il (Ministry of Transport registry),2.0,193.0,2538.0,18421.0,2043.0,60.0,23257.0,
2017-08,monthly,Whole,data.gov.il (Ministry of Transport registry),5.0,155.0,2404.0,16638.0,2026.0,65.0,21293.0,
2017-09,monthly,Whole,data.gov.il (Ministry of Transport registry),4.0,126.0,1954.0,14045.0,1581.0,46.0,17756.0,
2017-10,monthly,Whole,data.gov.il (Ministry of Transport registry),37.0,179.0,1723.0,14111.0,1497.0,42.0,17589.0,
2017-11,monthly,Whole,data.gov.il (Ministry of Transport registry),32.0,116.0,1608.0,11947.0,1659.0,47.0,15409.0,
2017-12,monthly,Whole,data.gov.il (Ministry of Transport registry),0.0,16.0,349.0,2944.0,534.0,11.0,3854.0,
2018-01,monthly,Whole,data.gov.il (Ministry of Transport registry),16.0,735.0,4608.0,28886.0,3544.0,74.0,37863.0,
2018-02,monthly,Whole,data.gov.il (Ministry of Transport registry),1.0,249.0,2567.0,17078.0,1909.0,48.0,21852.0,
2018-03,monthly,Whole,data.gov.il (Ministry of Transport registry),0.0,418.0,4245.0,19009.0,2333.0,70.0,26075.0,
2018-04,monthly,Whole,data.gov.il (Ministry of Transport registry),0.0,246.0,2371.0,13121.0,1695.0,26.0,17459.0,
2018-05,monthly,Whole,data.gov.il (Ministry of Transport registry),1.0,318.0,3477.0,16574.0,2308.0,44.0,22722.0,
2018-06,monthly,Whole,data.gov.il (Ministry of Transport registry),0.0,378.0,2931.0,15787.0,2470.0,37.0,21603.0,
2018-07,monthly,Whole,data.gov.il (Ministry of Transport registry),4.0,267.0,3594.0,16680.0,2225.0,43.0,22813.0,
2018-08,monthly,Whole,data.gov.il (Ministry of Transport registry),15.0,192.0,2578.0,15704.0,2317.0,31.0,20837.0,
2018-09,monthly,Whole,data.gov.il (Ministry of Transport registry),61.0,179.0,1877.0,8303.0,1102.0,20.0,11542.0,
2018-10,monthly,Whole,data.gov.il (Ministry of Transport registry),5.0,266.0,2680.0,13846.0,2705.0,24.0,19526.0,
2018-11,monthly,Whole,data.gov.il (Ministry of Transport registry),7.0,151.0,2338.0,9196.0,2225.0,28.0,13945.0,
2018-12,monthly,Whole,data.gov.il (Ministry of Transport registry),18.0,31.0,483.0,2189.0,602.0,6.0,3329.0,
2019-01,monthly,Whole,data.gov.il (Ministry of Transport registry),39.0,572.0,6324.0,25692.0,4201.0,48.0,36876.0,
2019-02,monthly,Whole,data.gov.il (Ministry of Transport registry),14.0,231.0,4181.0,15687.0,1973.0,18.0,22104.0,
2019-03,monthly,Whole,data.gov.il (Ministry of Transport registry),26.0,296.0,5478.0,18281.0,2421.0,21.0,26523.0,
2019-04,monthly,Whole,data.gov.il (Ministry of Transport registry),8.0,304.0,3867.0,13622.0,2406.0,26.0,20233.0,
2019-05,monthly,Whole,data.gov.il (Ministry of Transport registry),25.0,314.0,5324.0,11646.0,2067.0,23.0,19399.0,
2019-06,monthly,Whole,data.gov.il (Ministry of Transport registry),66.0,324.0,4327.0,13401.0,2260.0,27.0,20405.0,
2019-07,monthly,Whole,data.gov.il (Ministry of Transport registry),139.0,338.0,4370.0,14542.0,2609.0,26.0,22024.0,
2019-08,monthly,Whole,data.gov.il (Ministry of Transport registry),90.0,234.0,3075.0,11950.0,1750.0,16.0,17115.0,
2019-09,monthly,Whole,data.gov.il (Ministry of Transport registry),49.0,327.0,3014.0,11411.0,1748.0,25.0,16574.0,
2019-10,monthly,Whole,data.gov.il (Ministry of Transport registry),21.0,343.0,3167.0,8591.0,1636.0,15.0,13773.0,
2019-11,monthly,Whole,data.gov.il (Ministry of Transport registry),65.0,317.0,3791.0,8636.0,1543.0,23.0,14375.0,
2019-12,monthly,Whole,data.gov.il (Ministry of Transport registry),14.0,118.0,950.0,2155.0,500.0,7.0,3744.0,
2020-01,monthly,Whole,data.gov.il (Ministry of Transport registry),402.0,1471.0,8798.0,26731.0,3991.0,37.0,41430.0,
2020-02,monthly,Whole,data.gov.il (Ministry of Transport registry),119.0,391.0,4962.0,14634.0,2096.0,23.0,22225.0,
2020-03,monthly,Whole,data.gov.il (Ministry of Transport registry),106.0,202.0,2955.0,11726.0,1760.0,12.0,16761.0,
2020-04,monthly,Whole,data.gov.il (Ministry of Transport registry),18.0,38.0,506.0,969.0,188.0,0.0,1719.0,
2020-05,monthly,Whole,data.gov.il (Ministry of Transport registry),49.0,174.0,2389.0,7000.0,733.0,13.0,10358.0,
2020-06,monthly,Whole,data.gov.il (Ministry of Transport registry),112.0,357.0,3471.0,14893.0,1749.0,13.0,20595.0,
2020-07,monthly,Whole,data.gov.il (Ministry of Transport registry),166.0,444.0,3597.0,15174.0,1692.0,12.0,21085.0,
2020-08,monthly,Whole,data.gov.il (Ministry of Transport registry),110.0,485.0,2666.0,13838.0,1582.0,12.0,18693.0,
2020-09,monthly,Whole,data.gov.il (Ministry of Transport registry),128.0,739.0,3116.0,12440.0,1573.0,10.0,18006.0,
2020-10,monthly,Whole,data.gov.il (Ministry of Transport registry),82.0,401.0,3404.0,8213.0,916.0,4.0,13020.0,
2020-11,monthly,Whole,data.gov.il (Ministry of Transport registry),91.0,449.0,4371.0,7576.0,1120.0,8.0,13615.0,
2020-12,monthly,Whole,data.gov.il (Ministry of Transport registry),43.0,112.0,838.0,1900.0,363.0,2.0,3258.0,
2021-01,monthly,Whole,data.gov.il (Ministry of Transport registry),439.0,2141.0,9758.0,30841.0,4252.0,29.0,47460.0,
2021-02,monthly,Whole,data.gov.il (Ministry of Transport registry),128.0,890.0,4595.0,15354.0,2233.0,15.0,23215.0,
2021-03,monthly,Whole,data.gov.il (Ministry of Transport registry),429.0,1097.0,4649.0,17545.0,1896.0,11.0,25627.0,
2021-04,monthly,Whole,data.gov.il (Ministry of Transport registry),223.0,764.0,5109.0,16116.0,1813.0,8.0,24033.0,
2021-05,monthly,Whole,data.gov.il (Ministry of Transport registry),1506.0,861.0,4991.0,17497.0,2064.0,8.0,26927.0,
2021-06,monthly,Whole,data.gov.il (Ministry of Transport registry),1861.0,1817.0,6464.0,17789.0,2363.0,13.0,30307.0,
2021-07,monthly,Whole,data.gov.il (Ministry of Transport registry),427.0,783.0,6078.0,14354.0,1933.0,12.0,23587.0,
2021-08,monthly,Whole,data.gov.il (Ministry of Transport registry),2114.0,1308.0,6149.0,13763.0,1361.0,7.0,24702.0,
2021-09,monthly,Whole,data.gov.il (Ministry of Transport registry),518.0,804.0,2223.0,6693.0,587.0,5.0,10830.0,
2021-10,monthly,Whole,data.gov.il (Ministry of Transport registry),712.0,1301.0,3850.0,11031.0,827.0,10.0,17731.0,
2021-11,monthly,Whole,data.gov.il (Ministry of Transport registry),1149.0,815.0,4126.0,7140.0,743.0,4.0,13977.0,
2021-12,monthly,Whole,data.gov.il (Ministry of Transport registry),1054.0,312.0,1626.0,1353.0,167.0,4.0,4516.0,
2022-01,monthly,Whole,data.gov.il (Ministry of Transport registry),1369.0,2292.0,10090.0,22116.0,1938.0,16.0,37821.0,
2022-02,monthly,Whole,data.gov.il (Ministry of Transport registry),1653.0,1373.0,5729.0,12548.0,1395.0,5.0,22703.0,
2022-03,monthly,Whole,data.gov.il (Ministry of Transport registry),1459.0,1920.0,6878.0,14249.0,1536.0,6.0,26048.0,
2022-04,monthly,Whole,data.gov.il (Ministry of Transport registry),1111.0,1486.0,3820.0,11563.0,916.0,0.0,18896.0,
2022-05,monthly,Whole,data.gov.il (Ministry of Transport registry),1419.0,1250.0,4170.0,14748.0,1274.0,9.0,22870.0,
2022-06,monthly,Whole,data.gov.il (Ministry of Transport registry),2107.0,1144.0,2990.0,14373.0,1629.0,6.0,22249.0,
2022-07,monthly,Whole,data.gov.il (Ministry of Transport registry),1350.0,813.0,2871.0,14457.0,1370.0,9.0,20870.0,
2022-08,monthly,Whole,data.gov.il (Ministry of Transport registry),2185.0,744.0,3188.0,12459.0,1293.0,9.0,19878.0,
2022-09,monthly,Whole,data.gov.il (Ministry of Transport registry),1857.0,684.0,2327.0,10205.0,903.0,4.0,15980.0,
2022-10,monthly,Whole,data.gov.il (Ministry of Transport registry),2560.0,1464.0,2422.0,9554.0,782.0,9.0,16791.0,
2022-11,monthly,Whole,data.gov.il (Ministry of Transport registry),6564.0,1634.0,3331.0,8876.0,555.0,4.0,20964.0,
2022-12,monthly,Whole,data.gov.il (Ministry of Transport registry),3254.0,305.0,1618.0,3147.0,209.0,0.0,8533.0,
2023-01,monthly,Whole,data.gov.il (Ministry of Transport registry),6860.0,3335.0,5789.0,29402.0,2451.0,9.0,47846.0,
2023-02,monthly,Whole,data.gov.il (Ministry of Transport registry),3761.0,1460.0,4530.0,16478.0,1905.0,8.0,28142.0,
2023-03,monthly,Whole,data.gov.il (Ministry of Transport registry),5887.0,1705.0,4133.0,15832.0,1462.0,1.0,29020.0,
2023-04,monthly,Whole,data.gov.il (Ministry of Transport registry),3185.0,1094.0,3337.0,9014.0,753.0,3.0,17386.0,
2023-05,monthly,Whole,data.gov.il (Ministry of Transport registry),4027.0,1307.0,4217.0,12271.0,1151.0,5.0,22978.0,
2023-06,monthly,Whole,data.gov.il (Ministry of Transport registry),4603.0,1522.0,4948.0,11662.0,1095.0,1.0,23831.0,
2023-07,monthly,Whole,data.gov.il (Ministry of Transport registry),3830.0,1726.0,4503.0,11965.0,852.0,1.0,22877.0,
2023-08,monthly,Whole,data.gov.il (Ministry of Transport registry),5117.0,1561.0,4820.0,11198.0,752.0,4.0,23452.0,
2023-09,monthly,Whole,data.gov.il (Ministry of Transport registry),3927.0,1220.0,3283.0,7732.0,724.0,4.0,16890.0,
2023-10,monthly,Whole,data.gov.il (Ministry of Transport registry),2360.0,628.0,2949.0,5029.0,386.0,4.0,11356.0,
2023-11,monthly,Whole,data.gov.il (Ministry of Transport registry),2838.0,485.0,3238.0,4823.0,373.0,7.0,11764.0,
2023-12,monthly,Whole,data.gov.il (Ministry of Transport registry),1040.0,134.0,932.0,1042.0,139.0,1.0,3288.0,
2024-01,monthly,Whole,data.gov.il (Ministry of Transport registry),9444.0,2239.0,6686.0,18819.0,1168.0,3.0,38359.0,
2024-02,monthly,Whole,data.gov.il (Ministry of Transport registry),6361.0,996.0,4134.0,12592.0,1009.0,2.0,25094.0,
2024-03,monthly,Whole,data.gov.il (Ministry of Transport registry),7040.0,574.0,4895.0,11373.0,1016.0,1.0,24899.0,
2024-04,monthly,Whole,data.gov.il (Ministry of Transport registry),4410.0,508.0,3799.0,7811.0,651.0,2.0,17181.0,
2024-05,monthly,Whole,data.gov.il (Ministry of Transport registry),5352.0,545.0,4949.0,10313.0,918.0,2.0,22079.0,
2024-06,monthly,Whole,data.gov.il (Ministry of Transport registry),7056.0,543.0,5412.0,12336.0,547.0,1.0,25895.0,
2024-07,monthly,Whole,data.gov.il (Ministry of Transport registry),5378.0,447.0,6827.0,11477.0,465.0,2.0,24596.0,
2024-08,monthly,Whole,data.gov.il (Ministry of Transport registry),5278.0,190.0,6792.0,10263.0,321.0,0.0,22844.0,
2024-09,monthly,Whole,data.gov.il (Ministry of Transport registry),5609.0,287.0,5696.0,9335.0,409.0,1.0,21337.0,
2024-10,monthly,Whole,data.gov.il (Ministry of Transport registry),3663.0,124.0,3711.0,7454.0,307.0,0.0,15259.0,
2024-11,monthly,Whole,data.gov.il (Ministry of Transport registry),3360.0,115.0,5570.0,7856.0,313.0,1.0,17215.0,
2024-12,monthly,Whole,data.gov.il (Ministry of Transport registry),4605.0,106.0,3068.0,1935.0,251.0,0.0,9965.0,
2025-01,monthly,Whole,data.gov.il (Ministry of Transport registry),8036.0,2532.0,12593.0,24877.0,1264.0,0.0,49302.0,
2025-02,monthly,Whole,data.gov.il (Ministry of Transport registry),3348.0,1389.0,7354.0,9870.0,715.0,1.0,22677.0,
2025-03,monthly,Whole,data.gov.il (Ministry of Transport registry),4734.0,1849.0,8674.0,9603.0,747.0,1.0,25608.0,
2025-04,monthly,Whole,data.gov.il (Ministry of Transport registry),3298.0,2101.0,6494.0,7151.0,588.0,1.0,19633.0,
2025-05,monthly,Whole,data.gov.il (Ministry of Transport registry),4145.0,4621.0,6869.0,8621.0,791.0,1.0,25048.0,
2025-06,monthly,Whole,data.gov.il (Ministry of Transport registry),4028.0,3033.0,4594.0,7449.0,561.0,2.0,19667.0,
2025-07,monthly,Whole,data.gov.il (Ministry of Transport registry),5402.0,4131.0,7168.0,8845.0,566.0,0.0,26112.0,
2025-08,monthly,Whole,data.gov.il (Ministry of Transport registry),6858.0,3309.0,7073.0,7223.0,786.0,1.0,25250.0,
2025-09,monthly,Whole,data.gov.il (Ministry of Transport registry),9610.0,3880.0,5820.0,7055.0,484.0,0.0,26849.0,
2025-10,monthly,Whole,data.gov.il (Ministry of Transport registry),3065.0,2931.0,6288.0,6981.0,384.0,2.0,19651.0,
2025-11,monthly,Whole,data.gov.il (Ministry of Transport registry),2821.0,3179.0,7111.0,8113.0,508.0,1.0,21733.0,
2025-12,monthly,Whole,data.gov.il (Ministry of Transport registry),2616.0,1814.0,2148.0,1891.0,429.0,0.0,8898.0,
2026-01,monthly,Whole,data.gov.il (Ministry of Transport registry),4306.0,9898.0,13192.0,14619.0,874.0,0.0,42889.0,
2026-02,monthly,Whole,data.gov.il (Ministry of Transport registry),2773.0,5395.0,10016.0,7584.0,629.0,0.0,26397.0,
2026-03,monthly,Whole,data.gov.il (Ministry of Transport registry),3882.0,7010.0,9962.0,7584.0,697.0,0.0,29135.0,
2026-04,monthly,Whole,data.gov.il (Ministry of Transport registry),2401.0,6625.0,7061.0,5598.0,464.0,0.0,22149.0,
2026-05,monthly,Whole,data.gov.il (Ministry of Transport registry),3493.0,7419.0,8223.0,7360.0,522.0,0.0,27017.0,
2026-06,monthly,Whole,data.gov.il (Ministry of Transport registry),4923.0,6559.0,9267.0,7452.0,513.0,0.0,28714.0,
