period,time_interval,variant,source,BEV,PHEV,HEV,PETROL,DIESEL,FLEXFUEL,OTHERS,TOTAL,notes
2018-01,monthly,Used,duurzamemobiliteit.databank.nl (RDW),83.0,106.0,,12849.0,4465.0,,164.0,17667.0,workspace_guid=ffaf2d83-0174-4b36-92b9-f7bd96ad4d89
2018-02,monthly,Used,duurzamemobiliteit.databank.nl (RDW),66.0,110.0,,11894.0,4229.0,,117.0,16416.0,workspace_guid=ffaf2d83-0174-4b36-92b9-f7bd96ad4d89
2018-03,monthly,Used,duurzamemobiliteit.databank.nl (RDW),94.0,152.0,,13940.0,4551.0,,152.0,18889.0,workspace_guid=ffaf2d83-0174-4b36-92b9-f7bd96ad4d89
2018-04,monthly,Used,duurzamemobiliteit.databank.nl (RDW),78.0,107.0,,11959.0,3553.0,,151.0,15848.0,workspace_guid=ffaf2d83-0174-4b36-92b9-f7bd96ad4d89
2018-05,monthly,Used,duurzamemobiliteit.databank.nl (RDW),94.0,108.0,,12856.0,3682.0,,159.0,16899.0,workspace_guid=ffaf2d83-0174-4b36-92b9-f7bd96ad4d89
2018-06,monthly,Used,duurzamemobiliteit.databank.nl (RDW),84.0,136.0,,13963.0,3879.0,,160.0,18222.0,workspace_guid=ffaf2d83-0174-4b36-92b9-f7bd96ad4d89
2018-07,monthly,Used,duurzamemobiliteit.databank.nl (RDW),82.0,135.0,,13293.0,3837.0,,148.0,17495.0,workspace_guid=ffaf2d83-0174-4b36-92b9-f7bd96ad4d89
2018-08,monthly,Used,duurzamemobiliteit.databank.nl (RDW),99.0,137.0,,12988.0,3144.0,,118.0,16486.0,workspace_guid=ffaf2d83-0174-4b36-92b9-f7bd96ad4d89
2018-09,monthly,Used,duurzamemobiliteit.databank.nl (RDW),71.0,124.0,,12616.0,2914.0,,125.0,15850.0,workspace_guid=ffaf2d83-0174-4b36-92b9-f7bd96ad4d89
2018-10,monthly,Used,duurzamemobiliteit.databank.nl (RDW),107.0,130.0,,13789.0,3024.0,,152.0,17202.0,workspace_guid=ffaf2d83-0174-4b36-92b9-f7bd96ad4d89
2018-11,monthly,Used,duurzamemobiliteit.databank.nl (RDW),107.0,127.0,,14149.0,2918.0,,153.0,17454.0,workspace_guid=ffaf2d83-0174-4b36-92b9-f7bd96ad4d89
2018-12,monthly,Used,duurzamemobiliteit.databank.nl (RDW),151.0,154.0,,12877.0,2762.0,,127.0,16071.0,workspace_guid=ffaf2d83-0174-4b36-92b9-f7bd96ad4d89
2019-01,monthly,Used,duurzamemobiliteit.databank.nl (RDW),139.0,135.0,,14173.0,2751.0,,127.0,17325.0,workspace_guid=ffaf2d83-0174-4b36-92b9-f7bd96ad4d89
2019-02,monthly,Used,duurzamemobiliteit.databank.nl (RDW),136.0,111.0,,14369.0,2785.0,,145.0,17546.0,workspace_guid=ffaf2d83-0174-4b36-92b9-f7bd96ad4d89
2019-03,monthly,Used,duurzamemobiliteit.databank.nl (RDW),145.0,123.0,,14871.0,2769.0,,125.0,18033.0,workspace_guid=ffaf2d83-0174-4b36-92b9-f7bd96ad4d89
2019-04,monthly,Used,duurzamemobiliteit.databank.nl (RDW),149.0,118.0,,13979.0,2552.0,,123.0,16921.0,workspace_guid=ffaf2d83-0174-4b36-92b9-f7bd96ad4d89
2019-05,monthly,Used,duurzamemobiliteit.databank.nl (RDW),182.0,141.0,,15365.0,2681.0,,158.0,18527.0,workspace_guid=ffaf2d83-0174-4b36-92b9-f7bd96ad4d89
2019-06,monthly,Used,duurzamemobiliteit.databank.nl (RDW),221.0,108.0,,14206.0,2701.0,,122.0,17358.0,workspace_guid=ffaf2d83-0174-4b36-92b9-f7bd96ad4d89
2019-07,monthly,Used,duurzamemobiliteit.databank.nl (RDW),175.0,126.0,,15464.0,2905.0,,140.0,18810.0,workspace_guid=ffaf2d83-0174-4b36-92b9-f7bd96ad4d89
2019-08,monthly,Used,duurzamemobiliteit.databank.nl (RDW),208.0,117.0,,14589.0,2059.0,,97.0,17070.0,workspace_guid=ffaf2d83-0174-4b36-92b9-f7bd96ad4d89
2019-09,monthly,Used,duurzamemobiliteit.databank.nl (RDW),194.0,115.0,,13902.0,2104.0,,129.0,16444.0,workspace_guid=ffaf2d83-0174-4b36-92b9-f7bd96ad4d89
2019-10,monthly,Used,duurzamemobiliteit.databank.nl (RDW),329.0,136.0,,16243.0,2430.0,,154.0,19292.0,workspace_guid=ffaf2d83-0174-4b36-92b9-f7bd96ad4d89
2019-11,monthly,Used,duurzamemobiliteit.databank.nl (RDW),340.0,116.0,,16353.0,2272.0,,150.0,19231.0,workspace_guid=ffaf2d83-0174-4b36-92b9-f7bd96ad4d89
2019-12,monthly,Used,duurzamemobiliteit.databank.nl (RDW),547.0,132.0,,14649.0,2122.0,,143.0,17593.0,workspace_guid=ffaf2d83-0174-4b36-92b9-f7bd96ad4d89
2020-01,monthly,Used,duurzamemobiliteit.databank.nl (RDW),451.0,150.0,,16794.0,2096.0,,158.0,19649.0,workspace_guid=ffaf2d83-0174-4b36-92b9-f7bd96ad4d89
2020-02,monthly,Used,duurzamemobiliteit.databank.nl (RDW),266.0,140.0,,15768.0,1853.0,,122.0,18149.0,workspace_guid=ffaf2d83-0174-4b36-92b9-f7bd96ad4d89
2020-03,monthly,Used,duurzamemobiliteit.databank.nl (RDW),225.0,138.0,,13903.0,1573.0,,109.0,15948.0,workspace_guid=ffaf2d83-0174-4b36-92b9-f7bd96ad4d89
2020-04,monthly,Used,duurzamemobiliteit.databank.nl (RDW),119.0,79.0,,8066.0,735.0,,64.0,9063.0,workspace_guid=ffaf2d83-0174-4b36-92b9-f7bd96ad4d89
2020-05,monthly,Used,duurzamemobiliteit.databank.nl (RDW),178.0,130.0,,12982.0,1130.0,,73.0,14493.0,workspace_guid=ffaf2d83-0174-4b36-92b9-f7bd96ad4d89
2020-06,monthly,Used,duurzamemobiliteit.databank.nl (RDW),276.0,187.0,,16841.0,1692.0,,133.0,19129.0,workspace_guid=ffaf2d83-0174-4b36-92b9-f7bd96ad4d89
2020-07,monthly,Used,duurzamemobiliteit.databank.nl (RDW),515.0,282.0,,19905.0,2061.0,,152.0,22915.0,workspace_guid=ffaf2d83-0174-4b36-92b9-f7bd96ad4d89
2020-08,monthly,Used,duurzamemobiliteit.databank.nl (RDW),367.0,261.0,,17474.0,1704.0,,129.0,19935.0,workspace_guid=ffaf2d83-0174-4b36-92b9-f7bd96ad4d89
2020-09,monthly,Used,duurzamemobiliteit.databank.nl (RDW),447.0,308.0,,19256.0,1824.0,,140.0,21975.0,workspace_guid=ffaf2d83-0174-4b36-92b9-f7bd96ad4d89
2020-10,monthly,Used,duurzamemobiliteit.databank.nl (RDW),550.0,365.0,,21653.0,1933.0,,140.0,24641.0,workspace_guid=ffaf2d83-0174-4b36-92b9-f7bd96ad4d89
2020-11,monthly,Used,duurzamemobiliteit.databank.nl (RDW),532.0,355.0,,18492.0,1595.0,,132.0,21106.0,workspace_guid=ffaf2d83-0174-4b36-92b9-f7bd96ad4d89
2020-12,monthly,Used,duurzamemobiliteit.databank.nl (RDW),530.0,384.0,,18198.0,1593.0,,133.0,20838.0,workspace_guid=ffaf2d83-0174-4b36-92b9-f7bd96ad4d89
2021-01,monthly,Used,duurzamemobiliteit.databank.nl (RDW),467.0,358.0,,17345.0,1493.0,,129.0,19792.0,workspace_guid=ffaf2d83-0174-4b36-92b9-f7bd96ad4d89
2021-02,monthly,Used,duurzamemobiliteit.databank.nl (RDW),508.0,419.0,,16397.0,1361.0,,137.0,18822.0,workspace_guid=ffaf2d83-0174-4b36-92b9-f7bd96ad4d89
2021-03,monthly,Used,duurzamemobiliteit.databank.nl (RDW),494.0,583.0,,20722.0,1568.0,,159.0,23526.0,workspace_guid=ffaf2d83-0174-4b36-92b9-f7bd96ad4d89
2021-04,monthly,Used,duurzamemobiliteit.databank.nl (RDW),552.0,639.0,,20421.0,1471.0,,133.0,23216.0,workspace_guid=ffaf2d83-0174-4b36-92b9-f7bd96ad4d89
2021-05,monthly,Used,duurzamemobiliteit.databank.nl (RDW),632.0,715.0,,20606.0,1462.0,,125.0,23540.0,workspace_guid=ffaf2d83-0174-4b36-92b9-f7bd96ad4d89
2021-06,monthly,Used,duurzamemobiliteit.databank.nl (RDW),714.0,900.0,,22539.0,1734.0,,130.0,26017.0,workspace_guid=ffaf2d83-0174-4b36-92b9-f7bd96ad4d89
2021-07,monthly,Used,duurzamemobiliteit.databank.nl (RDW),936.0,1109.0,,23560.0,1784.0,,141.0,27530.0,workspace_guid=ffaf2d83-0174-4b36-92b9-f7bd96ad4d89
2021-08,monthly,Used,duurzamemobiliteit.databank.nl (RDW),851.0,1018.0,,19888.0,1430.0,,121.0,23308.0,workspace_guid=ffaf2d83-0174-4b36-92b9-f7bd96ad4d89
2021-09,monthly,Used,duurzamemobiliteit.databank.nl (RDW),1003.0,1067.0,,19978.0,1520.0,,136.0,23704.0,workspace_guid=ffaf2d83-0174-4b36-92b9-f7bd96ad4d89
2021-10,monthly,Used,duurzamemobiliteit.databank.nl (RDW),1102.0,1246.0,,21380.0,1601.0,,154.0,25483.0,workspace_guid=ffaf2d83-0174-4b36-92b9-f7bd96ad4d89
2021-11,monthly,Used,duurzamemobiliteit.databank.nl (RDW),1003.0,1182.0,,18599.0,1517.0,,142.0,22443.0,workspace_guid=ffaf2d83-0174-4b36-92b9-f7bd96ad4d89
2021-12,monthly,Used,duurzamemobiliteit.databank.nl (RDW),1080.0,1271.0,,18141.0,1523.0,,118.0,22133.0,workspace_guid=ffaf2d83-0174-4b36-92b9-f7bd96ad4d89
2022-01,monthly,Used,duurzamemobiliteit.databank.nl (RDW),1563.0,1173.0,,17706.0,1332.0,,141.0,21915.0,workspace_guid=ffaf2d83-0174-4b36-92b9-f7bd96ad4d89
2022-02,monthly,Used,duurzamemobiliteit.databank.nl (RDW),1235.0,1357.0,,16332.0,1368.0,,112.0,20404.0,workspace_guid=ffaf2d83-0174-4b36-92b9-f7bd96ad4d89
2022-03,monthly,Used,duurzamemobiliteit.databank.nl (RDW),1897.0,1447.0,,16512.0,1328.0,,142.0,21326.0,workspace_guid=ffaf2d83-0174-4b36-92b9-f7bd96ad4d89
2022-04,monthly,Used,duurzamemobiliteit.databank.nl (RDW),1879.0,1523.0,,15478.0,1121.0,,108.0,20109.0,workspace_guid=ffaf2d83-0174-4b36-92b9-f7bd96ad4d89
2022-05,monthly,Used,duurzamemobiliteit.databank.nl (RDW),1857.0,1684.0,,14901.0,1069.0,,115.0,19626.0,workspace_guid=ffaf2d83-0174-4b36-92b9-f7bd96ad4d89
2022-06,monthly,Used,duurzamemobiliteit.databank.nl (RDW),1989.0,1691.0,,15732.0,1284.0,,116.0,20812.0,workspace_guid=ffaf2d83-0174-4b36-92b9-f7bd96ad4d89
2022-07,monthly,Used,duurzamemobiliteit.databank.nl (RDW),1682.0,1736.0,,14944.0,1236.0,,120.0,19718.0,workspace_guid=ffaf2d83-0174-4b36-92b9-f7bd96ad4d89
2022-08,monthly,Used,duurzamemobiliteit.databank.nl (RDW),1479.0,1578.0,,14050.0,956.0,,107.0,18170.0,workspace_guid=ffaf2d83-0174-4b36-92b9-f7bd96ad4d89
2022-09,monthly,Used,duurzamemobiliteit.databank.nl (RDW),1307.0,1598.0,,14231.0,901.0,,117.0,18154.0,workspace_guid=ffaf2d83-0174-4b36-92b9-f7bd96ad4d89
2022-10,monthly,Used,duurzamemobiliteit.databank.nl (RDW),1046.0,1727.0,,14608.0,779.0,,135.0,18295.0,workspace_guid=ffaf2d83-0174-4b36-92b9-f7bd96ad4d89
2022-11,monthly,Used,duurzamemobiliteit.databank.nl (RDW),1060.0,1891.0,,14964.0,737.0,,127.0,18779.0,workspace_guid=ffaf2d83-0174-4b36-92b9-f7bd96ad4d89
2022-12,monthly,Used,duurzamemobiliteit.databank.nl (RDW),1146.0,2106.0,,14333.0,745.0,,106.0,18436.0,workspace_guid=ffaf2d83-0174-4b36-92b9-f7bd96ad4d89
2023-01,monthly,Used,duurzamemobiliteit.databank.nl (RDW),1908.0,2194.0,,15276.0,756.0,,111.0,20245.0,workspace_guid=ffaf2d83-0174-4b36-92b9-f7bd96ad4d89
2023-02,monthly,Used,duurzamemobiliteit.databank.nl (RDW),1521.0,2304.0,,14373.0,715.0,,95.0,19008.0,workspace_guid=ffaf2d83-0174-4b36-92b9-f7bd96ad4d89
2023-03,monthly,Used,duurzamemobiliteit.databank.nl (RDW),1705.0,2792.0,,16504.0,805.0,,116.0,21922.0,workspace_guid=ffaf2d83-0174-4b36-92b9-f7bd96ad4d89
2023-04,monthly,Used,duurzamemobiliteit.databank.nl (RDW),1317.0,2511.0,,14233.0,736.0,,100.0,18897.0,workspace_guid=ffaf2d83-0174-4b36-92b9-f7bd96ad4d89
2023-05,monthly,Used,duurzamemobiliteit.databank.nl (RDW),1310.0,2615.0,,14357.0,858.0,,108.0,19248.0,workspace_guid=ffaf2d83-0174-4b36-92b9-f7bd96ad4d89
2023-06,monthly,Used,duurzamemobiliteit.databank.nl (RDW),1353.0,3205.0,,16027.0,996.0,,125.0,21706.0,workspace_guid=ffaf2d83-0174-4b36-92b9-f7bd96ad4d89
2023-07,monthly,Used,duurzamemobiliteit.databank.nl (RDW),1300.0,3209.0,,15158.0,952.0,,115.0,20734.0,workspace_guid=ffaf2d83-0174-4b36-92b9-f7bd96ad4d89
2023-08,monthly,Used,duurzamemobiliteit.databank.nl (RDW),1322.0,3122.0,,13401.0,740.0,,106.0,18691.0,workspace_guid=ffaf2d83-0174-4b36-92b9-f7bd96ad4d89
2023-09,monthly,Used,duurzamemobiliteit.databank.nl (RDW),1467.0,3679.0,,13567.0,740.0,,116.0,19569.0,workspace_guid=ffaf2d83-0174-4b36-92b9-f7bd96ad4d89
2023-10,monthly,Used,duurzamemobiliteit.databank.nl (RDW),1352.0,3957.0,,13917.0,804.0,,126.0,20156.0,workspace_guid=ffaf2d83-0174-4b36-92b9-f7bd96ad4d89
2023-11,monthly,Used,duurzamemobiliteit.databank.nl (RDW),1242.0,4199.0,,14572.0,900.0,,109.0,21022.0,workspace_guid=ffaf2d83-0174-4b36-92b9-f7bd96ad4d89
2023-12,monthly,Used,duurzamemobiliteit.databank.nl (RDW),940.0,4106.0,,13322.0,799.0,,97.0,19264.0,workspace_guid=ffaf2d83-0174-4b36-92b9-f7bd96ad4d89
2024-01,monthly,Used,duurzamemobiliteit.databank.nl (RDW),1337.0,4464.0,,14976.0,845.0,,96.0,21718.0,workspace_guid=ffaf2d83-0174-4b36-92b9-f7bd96ad4d89
2024-02,monthly,Used,duurzamemobiliteit.databank.nl (RDW),955.0,4805.0,,14575.0,815.0,,87.0,21237.0,workspace_guid=ffaf2d83-0174-4b36-92b9-f7bd96ad4d89
2024-03,monthly,Used,duurzamemobiliteit.databank.nl (RDW),1136.0,5568.0,,16287.0,834.0,,107.0,23932.0,workspace_guid=ffaf2d83-0174-4b36-92b9-f7bd96ad4d89
2024-04,monthly,Used,duurzamemobiliteit.databank.nl (RDW),1057.0,5310.0,,15466.0,762.0,,117.0,22712.0,workspace_guid=ffaf2d83-0174-4b36-92b9-f7bd96ad4d89
2024-05,monthly,Used,duurzamemobiliteit.databank.nl (RDW),1234.0,5468.0,,15712.0,872.0,,92.0,23378.0,workspace_guid=ffaf2d83-0174-4b36-92b9-f7bd96ad4d89
2024-06,monthly,Used,duurzamemobiliteit.databank.nl (RDW),1150.0,5538.0,,15569.0,782.0,,114.0,23153.0,workspace_guid=ffaf2d83-0174-4b36-92b9-f7bd96ad4d89
2024-07,monthly,Used,duurzamemobiliteit.databank.nl (RDW),1314.0,6409.0,,16047.0,922.0,,117.0,24809.0,workspace_guid=ffaf2d83-0174-4b36-92b9-f7bd96ad4d89
2024-08,monthly,Used,duurzamemobiliteit.databank.nl (RDW),1205.0,5704.0,,13951.0,687.0,,84.0,21631.0,workspace_guid=ffaf2d83-0174-4b36-92b9-f7bd96ad4d89
2024-09,monthly,Used,duurzamemobiliteit.databank.nl (RDW),1245.0,5776.0,,13673.0,668.0,,80.0,21442.0,workspace_guid=ffaf2d83-0174-4b36-92b9-f7bd96ad4d89
2024-10,monthly,Used,duurzamemobiliteit.databank.nl (RDW),1399.0,6513.0,,15800.0,785.0,,87.0,24584.0,workspace_guid=ffaf2d83-0174-4b36-92b9-f7bd96ad4d89
2024-11,monthly,Used,duurzamemobiliteit.databank.nl (RDW),1377.0,6687.0,,15217.0,784.0,,101.0,24166.0,workspace_guid=ffaf2d83-0174-4b36-92b9-f7bd96ad4d89
2024-12,monthly,Used,duurzamemobiliteit.databank.nl (RDW),1346.0,6163.0,,12658.0,614.0,,76.0,20857.0,workspace_guid=ffaf2d83-0174-4b36-92b9-f7bd96ad4d89
2025-01,monthly,Used,duurzamemobiliteit.databank.nl (RDW),938.0,7079.0,,15193.0,708.0,,90.0,24008.0,workspace_guid=ffaf2d83-0174-4b36-92b9-f7bd96ad4d89
2025-02,monthly,Used,duurzamemobiliteit.databank.nl (RDW),858.0,7125.0,,14816.0,712.0,,99.0,23610.0,workspace_guid=ffaf2d83-0174-4b36-92b9-f7bd96ad4d89
2025-03,monthly,Used,duurzamemobiliteit.databank.nl (RDW),937.0,7681.0,,15206.0,681.0,,150.0,24655.0,workspace_guid=ffaf2d83-0174-4b36-92b9-f7bd96ad4d89
2025-04,monthly,Used,duurzamemobiliteit.databank.nl (RDW),829.0,7351.0,,15487.0,699.0,,126.0,24492.0,workspace_guid=ffaf2d83-0174-4b36-92b9-f7bd96ad4d89
2025-05,monthly,Used,duurzamemobiliteit.databank.nl (RDW),856.0,7951.0,,15583.0,672.0,,103.0,25165.0,workspace_guid=ffaf2d83-0174-4b36-92b9-f7bd96ad4d89
2025-06,monthly,Used,duurzamemobiliteit.databank.nl (RDW),848.0,8066.0,,15508.0,723.0,,97.0,25242.0,workspace_guid=ffaf2d83-0174-4b36-92b9-f7bd96ad4d89
2025-07,monthly,Used,duurzamemobiliteit.databank.nl (RDW),930.0,8691.0,,16661.0,796.0,,86.0,27164.0,workspace_guid=ffaf2d83-0174-4b36-92b9-f7bd96ad4d89
2025-08,monthly,Used,duurzamemobiliteit.databank.nl (RDW),912.0,7328.0,,13964.0,563.0,,88.0,22855.0,workspace_guid=ffaf2d83-0174-4b36-92b9-f7bd96ad4d89
2025-09,monthly,Used,duurzamemobiliteit.databank.nl (RDW),936.0,8037.0,,14751.0,602.0,,66.0,24392.0,workspace_guid=ffaf2d83-0174-4b36-92b9-f7bd96ad4d89
2025-10,monthly,Used,duurzamemobiliteit.databank.nl (RDW),1093.0,8689.0,,16406.0,698.0,,82.0,26968.0,workspace_guid=ffaf2d83-0174-4b36-92b9-f7bd96ad4d89
2025-11,monthly,Used,duurzamemobiliteit.databank.nl (RDW),978.0,8098.0,,14982.0,660.0,,95.0,24813.0,workspace_guid=ffaf2d83-0174-4b36-92b9-f7bd96ad4d89
2025-12,monthly,Used,duurzamemobiliteit.databank.nl (RDW),1192.0,8179.0,,13726.0,635.0,,102.0,23834.0,workspace_guid=ffaf2d83-0174-4b36-92b9-f7bd96ad4d89
2026-01,monthly,Used,duurzamemobiliteit.databank.nl (RDW),1421.0,11738.0,,20665.0,703.0,,143.0,34670.0,workspace_guid=ffaf2d83-0174-4b36-92b9-f7bd96ad4d89
2026-02,monthly,Used,duurzamemobiliteit.databank.nl (RDW),1532.0,10741.0,,18372.0,704.0,,104.0,31453.0,workspace_guid=ffaf2d83-0174-4b36-92b9-f7bd96ad4d89
2026-03,monthly,Used,duurzamemobiliteit.databank.nl (RDW),1756.0,10888.0,,18218.0,652.0,,110.0,31624.0,workspace_guid=ffaf2d83-0174-4b36-92b9-f7bd96ad4d89
2026-04,monthly,Used,duurzamemobiliteit.databank.nl (RDW),2024.0,8441.0,,14607.0,465.0,,105.0,25642.0,workspace_guid=ffaf2d83-0174-4b36-92b9-f7bd96ad4d89
