period,time_interval,variant,source,BEV,PHEV,EREV,HEV,PETROL,DIESEL,OTHERS,TOTAL,notes
2015-10,monthly,HDV,DGT,0.0,0.0,0.0,1.0,2.0,3322.0,6.0,3331.0,https://www.dgt.es/microdatos/salida/2015/10/vehiculos/matriculaciones/export_mensual_mat_201510.zip
2015-11,monthly,HDV,DGT,0.0,0.0,0.0,0.0,0.0,2311.0,6.0,2317.0,https://www.dgt.es/microdatos/salida/2015/11/vehiculos/matriculaciones/export_mensual_mat_201511.zip
2015-12,monthly,HDV,DGT,0.0,0.0,0.0,0.0,0.0,1918.0,8.0,1926.0,https://www.dgt.es/microdatos/salida/2015/12/vehiculos/matriculaciones/export_mensual_mat_201512.zip
2016-01,monthly,HDV,DGT,0.0,0.0,0.0,0.0,1.0,2224.0,8.0,2233.0,https://www.dgt.es/microdatos/salida/2016/1/vehiculos/matriculaciones/export_mensual_mat_201601.zip
2016-02,monthly,HDV,DGT,0.0,0.0,0.0,1.0,2.0,1734.0,8.0,1745.0,https://www.dgt.es/microdatos/salida/2016/2/vehiculos/matriculaciones/export_mensual_mat_201602.zip
2016-03,monthly,HDV,DGT,0.0,0.0,0.0,0.0,1.0,1682.0,23.0,1706.0,https://www.dgt.es/microdatos/salida/2016/3/vehiculos/matriculaciones/export_mensual_mat_201603.zip
2016-04,monthly,HDV,DGT,0.0,0.0,0.0,0.0,1.0,1941.0,39.0,1981.0,https://www.dgt.es/microdatos/salida/2016/4/vehiculos/matriculaciones/export_mensual_mat_201604.zip
2016-05,monthly,HDV,DGT,1.0,0.0,0.0,0.0,2.0,1797.0,15.0,1815.0,https://www.dgt.es/microdatos/salida/2016/5/vehiculos/matriculaciones/export_mensual_mat_201605.zip
2016-06,monthly,HDV,DGT,0.0,0.0,0.0,1.0,0.0,1920.0,19.0,1940.0,https://www.dgt.es/microdatos/salida/2016/6/vehiculos/matriculaciones/export_mensual_mat_201606.zip
2016-07,monthly,HDV,DGT,0.0,0.0,0.0,3.0,1.0,1766.0,6.0,1776.0,https://www.dgt.es/microdatos/salida/2016/7/vehiculos/matriculaciones/export_mensual_mat_201607.zip
2016-08,monthly,HDV,DGT,0.0,0.0,0.0,0.0,1.0,1350.0,14.0,1365.0,https://www.dgt.es/microdatos/salida/2016/8/vehiculos/matriculaciones/export_mensual_mat_201608.zip
2016-09,monthly,HDV,DGT,1.0,0.0,0.0,1.0,0.0,2050.0,55.0,2107.0,https://www.dgt.es/microdatos/salida/2016/9/vehiculos/matriculaciones/export_mensual_mat_201609.zip
2016-10,monthly,HDV,DGT,1.0,0.0,0.0,0.0,9.0,3044.0,18.0,3072.0,https://www.dgt.es/microdatos/salida/2016/10/vehiculos/matriculaciones/export_mensual_mat_201610.zip
2016-11,monthly,HDV,DGT,0.0,0.0,0.0,2.0,2.0,2794.0,74.0,2872.0,https://www.dgt.es/microdatos/salida/2016/11/vehiculos/matriculaciones/export_mensual_mat_201611.zip
2016-12,monthly,HDV,DGT,0.0,0.0,0.0,1.0,0.0,1854.0,54.0,1909.0,https://www.dgt.es/microdatos/salida/2016/12/vehiculos/matriculaciones/export_mensual_mat_201612.zip
2017-01,monthly,HDV,DGT,0.0,0.0,0.0,1.0,2.0,2019.0,10.0,2032.0,https://www.dgt.es/microdatos/salida/2017/1/vehiculos/matriculaciones/export_mensual_mat_201701.zip
2017-02,monthly,HDV,DGT,0.0,0.0,0.0,8.0,0.0,1712.0,15.0,1735.0,https://www.dgt.es/microdatos/salida/2017/2/vehiculos/matriculaciones/export_mensual_mat_201702.zip
2017-03,monthly,HDV,DGT,0.0,0.0,0.0,0.0,2.0,1985.0,16.0,2003.0,https://www.dgt.es/microdatos/salida/2017/3/vehiculos/matriculaciones/export_mensual_mat_201703.zip
2017-04,monthly,HDV,DGT,0.0,0.0,0.0,3.0,1.0,1472.0,4.0,1480.0,https://www.dgt.es/microdatos/salida/2017/4/vehiculos/matriculaciones/export_mensual_mat_201704.zip
2017-05,monthly,HDV,DGT,2.0,2.0,0.0,7.0,0.0,1844.0,43.0,1898.0,https://www.dgt.es/microdatos/salida/2017/5/vehiculos/matriculaciones/export_mensual_mat_201705.zip
2017-06,monthly,HDV,DGT,0.0,0.0,0.0,1.0,1.0,2002.0,88.0,2092.0,https://www.dgt.es/microdatos/salida/2017/6/vehiculos/matriculaciones/export_mensual_mat_201706.zip
2017-07,monthly,HDV,DGT,0.0,0.0,1.0,0.0,1.0,1871.0,68.0,1941.0,https://www.dgt.es/microdatos/salida/2017/7/vehiculos/matriculaciones/export_mensual_mat_201707.zip
2017-08,monthly,HDV,DGT,0.0,0.0,0.0,1.0,2.0,1473.0,52.0,1528.0,https://www.dgt.es/microdatos/salida/2017/8/vehiculos/matriculaciones/export_mensual_mat_201708.zip
2017-09,monthly,HDV,DGT,0.0,0.0,0.0,1.0,0.0,1863.0,59.0,1923.0,https://www.dgt.es/microdatos/salida/2017/9/vehiculos/matriculaciones/export_mensual_mat_201709.zip
2017-10,monthly,HDV,DGT,0.0,0.0,0.0,6.0,1.0,3083.0,64.0,3154.0,https://www.dgt.es/microdatos/salida/2017/10/vehiculos/matriculaciones/export_mensual_mat_201710.zip
2017-11,monthly,HDV,DGT,0.0,0.0,0.0,6.0,0.0,2840.0,42.0,2888.0,https://www.dgt.es/microdatos/salida/2017/11/vehiculos/matriculaciones/export_mensual_mat_201711.zip
2017-12,monthly,HDV,DGT,1.0,0.0,0.0,0.0,2.0,1826.0,6.0,1835.0,https://www.dgt.es/microdatos/salida/2017/12/vehiculos/matriculaciones/export_mensual_mat_201712.zip
2018-01,monthly,HDV,DGT,0.0,0.0,0.0,8.0,1.0,2150.0,38.0,2197.0,https://www.dgt.es/microdatos/salida/2018/1/vehiculos/matriculaciones/export_mensual_mat_201801.zip
2018-02,monthly,HDV,DGT,0.0,0.0,0.0,0.0,0.0,1864.0,20.0,1884.0,https://www.dgt.es/microdatos/salida/2018/2/vehiculos/matriculaciones/export_mensual_mat_201802.zip
2018-03,monthly,HDV,DGT,0.0,0.0,0.0,1.0,0.0,1926.0,58.0,1985.0,https://www.dgt.es/microdatos/salida/2018/3/vehiculos/matriculaciones/export_mensual_mat_201803.zip
2018-04,monthly,HDV,DGT,1.0,0.0,0.0,4.0,0.0,1873.0,98.0,1976.0,https://www.dgt.es/microdatos/salida/2018/4/vehiculos/matriculaciones/export_mensual_mat_201804.zip
2018-05,monthly,HDV,DGT,0.0,0.0,0.0,16.0,1.0,1836.0,92.0,1945.0,https://www.dgt.es/microdatos/salida/2018/5/vehiculos/matriculaciones/export_mensual_mat_201805.zip
2018-06,monthly,HDV,DGT,1.0,0.0,0.0,19.0,0.0,1900.0,39.0,1959.0,https://www.dgt.es/microdatos/salida/2018/6/vehiculos/matriculaciones/export_mensual_mat_201806.zip
2018-07,monthly,HDV,DGT,2.0,0.0,0.0,2.0,1.0,1923.0,45.0,1973.0,https://www.dgt.es/microdatos/salida/2018/7/vehiculos/matriculaciones/export_mensual_mat_201807.zip
2018-08,monthly,HDV,DGT,0.0,0.0,0.0,5.0,1.0,1588.0,28.0,1622.0,https://www.dgt.es/microdatos/salida/2018/8/vehiculos/matriculaciones/export_mensual_mat_201808.zip
2018-09,monthly,HDV,DGT,0.0,0.0,0.0,11.0,0.0,1629.0,59.0,1699.0,https://www.dgt.es/microdatos/salida/2018/9/vehiculos/matriculaciones/export_mensual_mat_201809.zip
2018-10,monthly,HDV,DGT,0.0,0.0,0.0,10.0,1.0,2884.0,95.0,2990.0,https://www.dgt.es/microdatos/salida/2018/10/vehiculos/matriculaciones/export_mensual_mat_201810.zip
2018-11,monthly,HDV,DGT,0.0,0.0,0.0,5.0,0.0,2272.0,41.0,2318.0,https://www.dgt.es/microdatos/salida/2018/11/vehiculos/matriculaciones/export_mensual_mat_201811.zip
2018-12,monthly,HDV,DGT,1.0,0.0,0.0,4.0,0.0,1477.0,20.0,1502.0,https://www.dgt.es/microdatos/salida/2018/12/vehiculos/matriculaciones/export_mensual_mat_201812.zip
2019-01,monthly,HDV,DGT,0.0,0.0,0.0,6.0,0.0,2447.0,50.0,2503.0,https://www.dgt.es/microdatos/salida/2019/1/vehiculos/matriculaciones/export_mensual_mat_201901.zip
2019-02,monthly,HDV,DGT,0.0,0.0,1.0,9.0,2.0,1662.0,48.0,1722.0,https://www.dgt.es/microdatos/salida/2019/2/vehiculos/matriculaciones/export_mensual_mat_201902.zip
2019-03,monthly,HDV,DGT,0.0,1.0,0.0,4.0,1.0,1681.0,26.0,1713.0,https://www.dgt.es/microdatos/salida/2019/3/vehiculos/matriculaciones/export_mensual_mat_201903.zip
2019-04,monthly,HDV,DGT,0.0,0.0,0.0,10.0,1.0,1599.0,49.0,1659.0,https://www.dgt.es/microdatos/salida/2019/4/vehiculos/matriculaciones/export_mensual_mat_201904.zip
2019-05,monthly,HDV,DGT,0.0,0.0,0.0,14.0,0.0,2122.0,82.0,2218.0,https://www.dgt.es/microdatos/salida/2019/5/vehiculos/matriculaciones/export_mensual_mat_201905.zip
2019-06,monthly,HDV,DGT,1.0,0.0,0.0,31.0,0.0,2603.0,108.0,2743.0,https://www.dgt.es/microdatos/salida/2019/6/vehiculos/matriculaciones/export_mensual_mat_201906.zip
2019-07,monthly,HDV,DGT,0.0,0.0,0.0,1.0,2.0,1432.0,97.0,1532.0,https://www.dgt.es/microdatos/salida/2019/7/vehiculos/matriculaciones/export_mensual_mat_201907.zip
2019-08,monthly,HDV,DGT,0.0,0.0,0.0,8.0,1.0,1063.0,61.0,1133.0,https://www.dgt.es/microdatos/salida/2019/8/vehiculos/matriculaciones/export_mensual_mat_201908.zip
2019-09,monthly,HDV,DGT,0.0,0.0,1.0,1.0,0.0,1556.0,30.0,1588.0,https://www.dgt.es/microdatos/salida/2019/9/vehiculos/matriculaciones/export_mensual_mat_201909.zip
2019-10,monthly,HDV,DGT,0.0,0.0,0.0,6.0,0.0,3377.0,125.0,3508.0,https://www.dgt.es/microdatos/salida/2019/10/vehiculos/matriculaciones/export_mensual_mat_201910.zip
2019-11,monthly,HDV,DGT,0.0,0.0,0.0,2.0,1.0,2371.0,78.0,2452.0,https://www.dgt.es/microdatos/salida/2019/11/vehiculos/matriculaciones/export_mensual_mat_201911.zip
2019-12,monthly,HDV,DGT,0.0,0.0,0.0,2.0,0.0,1329.0,67.0,1398.0,https://www.dgt.es/microdatos/salida/2019/12/vehiculos/matriculaciones/export_mensual_mat_201912.zip
2020-01,monthly,HDV,DGT,0.0,0.0,1.0,2.0,1.0,2051.0,69.0,2124.0,https://www.dgt.es/microdatos/salida/2020/1/vehiculos/matriculaciones/export_mensual_mat_202001.zip
2020-02,monthly,HDV,DGT,0.0,0.0,0.0,1.0,1.0,1640.0,69.0,1711.0,https://www.dgt.es/microdatos/salida/2020/2/vehiculos/matriculaciones/export_mensual_mat_202002.zip
2020-03,monthly,HDV,DGT,0.0,0.0,0.0,0.0,0.0,1119.0,54.0,1173.0,https://www.dgt.es/microdatos/salida/2020/3/vehiculos/matriculaciones/export_mensual_mat_202003.zip
2020-04,monthly,HDV,DGT,0.0,0.0,0.0,1.0,1.0,817.0,13.0,832.0,https://www.dgt.es/microdatos/salida/2020/4/vehiculos/matriculaciones/export_mensual_mat_202004.zip
2020-05,monthly,HDV,DGT,0.0,0.0,0.0,1.0,0.0,860.0,26.0,887.0,https://www.dgt.es/microdatos/salida/2020/5/vehiculos/matriculaciones/export_mensual_mat_202005.zip
2020-06,monthly,HDV,DGT,1.0,0.0,0.0,12.0,0.0,1206.0,44.0,1263.0,https://www.dgt.es/microdatos/salida/2020/6/vehiculos/matriculaciones/export_mensual_mat_202006.zip
2020-07,monthly,HDV,DGT,2.0,0.0,0.0,10.0,2.0,1476.0,38.0,1528.0,https://www.dgt.es/microdatos/salida/2020/7/vehiculos/matriculaciones/export_mensual_mat_202007.zip
2020-08,monthly,HDV,DGT,2.0,0.0,0.0,10.0,1.0,1030.0,49.0,1092.0,https://www.dgt.es/microdatos/salida/2020/8/vehiculos/matriculaciones/export_mensual_mat_202008.zip
2020-09,monthly,HDV,DGT,1.0,0.0,0.0,1.0,0.0,1712.0,46.0,1760.0,https://www.dgt.es/microdatos/salida/2020/9/vehiculos/matriculaciones/export_mensual_mat_202009.zip
2020-10,monthly,HDV,DGT,1.0,0.0,0.0,1.0,1.0,2444.0,68.0,2515.0,https://www.dgt.es/microdatos/salida/2020/10/vehiculos/matriculaciones/export_mensual_mat_202010.zip
2020-11,monthly,HDV,DGT,0.0,2.0,0.0,0.0,1.0,2356.0,84.0,2443.0,https://www.dgt.es/microdatos/salida/2020/11/vehiculos/matriculaciones/export_mensual_mat_202011.zip
2020-12,monthly,HDV,DGT,0.0,0.0,0.0,0.0,0.0,1404.0,58.0,1462.0,https://www.dgt.es/microdatos/salida/2020/12/vehiculos/matriculaciones/export_mensual_mat_202012.zip
2021-01,monthly,HDV,DGT,0.0,0.0,0.0,2.0,1.0,1803.0,45.0,1851.0,https://www.dgt.es/microdatos/salida/2021/1/vehiculos/matriculaciones/export_mensual_mat_202101.zip
2021-02,monthly,HDV,DGT,1.0,0.0,0.0,0.0,1.0,1744.0,50.0,1796.0,https://www.dgt.es/microdatos/salida/2021/2/vehiculos/matriculaciones/export_mensual_mat_202102.zip
2021-03,monthly,HDV,DGT,4.0,0.0,0.0,1.0,1.0,1965.0,91.0,2062.0,https://www.dgt.es/microdatos/salida/2021/3/vehiculos/matriculaciones/export_mensual_mat_202103.zip
2021-04,monthly,HDV,DGT,1.0,0.0,0.0,0.0,0.0,1582.0,66.0,1649.0,https://www.dgt.es/microdatos/salida/2021/4/vehiculos/matriculaciones/export_mensual_mat_202104.zip
2021-05,monthly,HDV,DGT,1.0,0.0,0.0,3.0,2.0,1700.0,110.0,1816.0,https://www.dgt.es/microdatos/salida/2021/5/vehiculos/matriculaciones/export_mensual_mat_202105.zip
2021-06,monthly,HDV,DGT,1.0,0.0,0.0,0.0,0.0,1456.0,62.0,1519.0,https://www.dgt.es/microdatos/salida/2021/6/vehiculos/matriculaciones/export_mensual_mat_202106.zip
2021-07,monthly,HDV,DGT,0.0,1.0,0.0,0.0,1.0,1357.0,30.0,1389.0,https://www.dgt.es/microdatos/salida/2021/7/vehiculos/matriculaciones/export_mensual_mat_202107.zip
2021-08,monthly,HDV,DGT,2.0,0.0,0.0,0.0,0.0,967.0,41.0,1010.0,https://www.dgt.es/microdatos/salida/2021/8/vehiculos/matriculaciones/export_mensual_mat_202108.zip
2021-09,monthly,HDV,DGT,4.0,0.0,0.0,0.0,0.0,1469.0,87.0,1560.0,https://www.dgt.es/microdatos/salida/2021/9/vehiculos/matriculaciones/export_mensual_mat_202109.zip
2021-10,monthly,HDV,DGT,2.0,0.0,0.0,0.0,0.0,2287.0,96.0,2385.0,https://www.dgt.es/microdatos/salida/2021/10/vehiculos/matriculaciones/export_mensual_mat_202110.zip
2021-11,monthly,HDV,DGT,0.0,0.0,0.0,0.0,0.0,1890.0,131.0,2021.0,https://www.dgt.es/microdatos/salida/2021/11/vehiculos/matriculaciones/export_mensual_mat_202111.zip
2021-12,monthly,HDV,DGT,0.0,0.0,0.0,0.0,1.0,1434.0,55.0,1490.0,https://www.dgt.es/microdatos/salida/2021/12/vehiculos/matriculaciones/export_mensual_mat_202112.zip
2022-01,monthly,HDV,DGT,1.0,0.0,0.0,0.0,0.0,2057.0,75.0,2133.0,https://www.dgt.es/microdatos/salida/2022/1/vehiculos/matriculaciones/export_mensual_mat_202201.zip
2022-02,monthly,HDV,DGT,2.0,2.0,0.0,0.0,1.0,1321.0,49.0,1375.0,https://www.dgt.es/microdatos/salida/2022/2/vehiculos/matriculaciones/export_mensual_mat_202202.zip
2022-03,monthly,HDV,DGT,1.0,0.0,0.0,0.0,1.0,1935.0,41.0,1978.0,https://www.dgt.es/microdatos/salida/2022/3/vehiculos/matriculaciones/export_mensual_mat_202203.zip
2022-04,monthly,HDV,DGT,2.0,0.0,0.0,0.0,0.0,1617.0,47.0,1666.0,https://www.dgt.es/microdatos/salida/2022/4/vehiculos/matriculaciones/export_mensual_mat_202204.zip
2022-05,monthly,HDV,DGT,7.0,0.0,0.0,0.0,0.0,1675.0,68.0,1750.0,https://www.dgt.es/microdatos/salida/2022/5/vehiculos/matriculaciones/export_mensual_mat_202205.zip
2022-06,monthly,HDV,DGT,5.0,0.0,0.0,0.0,0.0,1813.0,107.0,1925.0,https://www.dgt.es/microdatos/salida/2022/6/vehiculos/matriculaciones/export_mensual_mat_202206.zip
2022-07,monthly,HDV,DGT,14.0,0.0,0.0,0.0,1.0,1606.0,91.0,1712.0,https://www.dgt.es/microdatos/salida/2022/7/vehiculos/matriculaciones/export_mensual_mat_202207.zip
2022-08,monthly,HDV,DGT,14.0,0.0,0.0,0.0,0.0,1228.0,63.0,1305.0,https://www.dgt.es/microdatos/salida/2022/8/vehiculos/matriculaciones/export_mensual_mat_202208.zip
2022-09,monthly,HDV,DGT,40.0,0.0,0.0,0.0,1.0,1778.0,95.0,1914.0,https://www.dgt.es/microdatos/salida/2022/9/vehiculos/matriculaciones/export_mensual_mat_202209.zip
2022-10,monthly,HDV,DGT,19.0,0.0,0.0,0.0,0.0,2416.0,129.0,2564.0,https://www.dgt.es/microdatos/salida/2022/10/vehiculos/matriculaciones/export_mensual_mat_202210.zip
2022-11,monthly,HDV,DGT,29.0,0.0,0.0,0.0,1.0,2355.0,115.0,2500.0,https://www.dgt.es/microdatos/salida/2022/11/vehiculos/matriculaciones/export_mensual_mat_202211.zip
2022-12,monthly,HDV,DGT,15.0,0.0,0.0,0.0,0.0,1776.0,172.0,1963.0,https://www.dgt.es/microdatos/salida/2022/12/vehiculos/matriculaciones/export_mensual_mat_202212.zip
2023-01,monthly,HDV,DGT,22.0,0.0,0.0,0.0,1.0,2318.0,102.0,2443.0,https://www.dgt.es/microdatos/salida/2023/1/vehiculos/matriculaciones/export_mensual_mat_202301.zip
2023-02,monthly,HDV,DGT,19.0,0.0,0.0,3.0,0.0,1810.0,84.0,1916.0,https://www.dgt.es/microdatos/salida/2023/2/vehiculos/matriculaciones/export_mensual_mat_202302.zip
2023-03,monthly,HDV,DGT,41.0,4.0,0.0,2.0,2.0,2333.0,182.0,2564.0,https://www.dgt.es/microdatos/salida/2023/3/vehiculos/matriculaciones/export_mensual_mat_202303.zip
2023-04,monthly,HDV,DGT,23.0,3.0,0.0,0.0,2.0,1822.0,72.0,1922.0,https://www.dgt.es/microdatos/salida/2023/4/vehiculos/matriculaciones/export_mensual_mat_202304.zip
2023-05,monthly,HDV,DGT,20.0,6.0,0.0,2.0,3.0,2072.0,75.0,2178.0,https://www.dgt.es/microdatos/salida/2023/5/vehiculos/matriculaciones/export_mensual_mat_202305.zip
2023-06,monthly,HDV,DGT,22.0,3.0,0.0,5.0,1.0,2093.0,87.0,2211.0,https://www.dgt.es/microdatos/salida/2023/6/vehiculos/matriculaciones/export_mensual_mat_202306.zip
2023-07,monthly,HDV,DGT,36.0,7.0,2.0,0.0,1.0,2491.0,133.0,2670.0,https://www.dgt.es/microdatos/salida/2023/7/vehiculos/matriculaciones/export_mensual_mat_202307.zip
2023-08,monthly,HDV,DGT,21.0,0.0,0.0,0.0,1.0,2045.0,126.0,2193.0,https://www.dgt.es/microdatos/salida/2023/8/vehiculos/matriculaciones/export_mensual_mat_202308.zip
2023-09,monthly,HDV,DGT,2.0,0.0,0.0,0.0,1.0,744.0,27.0,774.0,https://www.dgt.es/microdatos/salida/2023/9/vehiculos/matriculaciones/export_mensual_mat_202309.zip
2023-10,monthly,HDV,DGT,7.0,0.0,0.0,0.0,0.0,2123.0,48.0,2178.0,https://www.dgt.es/microdatos/salida/2023/10/vehiculos/matriculaciones/export_mensual_mat_202310.zip
2023-11,monthly,HDV,DGT,9.0,0.0,0.0,0.0,0.0,2204.0,53.0,2266.0,https://www.dgt.es/microdatos/salida/2023/11/vehiculos/matriculaciones/export_mensual_mat_202311.zip
2023-12,monthly,HDV,DGT,14.0,0.0,0.0,0.0,0.0,1615.0,28.0,1657.0,https://www.dgt.es/microdatos/salida/2023/12/vehiculos/matriculaciones/export_mensual_mat_202312.zip
2024-01,monthly,HDV,DGT,18.0,0.0,0.0,0.0,0.0,2639.0,66.0,2723.0,https://www.dgt.es/microdatos/salida/2024/1/vehiculos/matriculaciones/export_mensual_mat_202401.zip
2024-02,monthly,HDV,DGT,31.0,0.0,0.0,0.0,1.0,2496.0,90.0,2618.0,https://www.dgt.es/microdatos/salida/2024/2/vehiculos/matriculaciones/export_mensual_mat_202402.zip
2024-03,monthly,HDV,DGT,44.0,0.0,0.0,0.0,0.0,2482.0,67.0,2593.0,https://www.dgt.es/microdatos/salida/2024/3/vehiculos/matriculaciones/export_mensual_mat_202403.zip
2024-04,monthly,HDV,DGT,28.0,2.0,0.0,0.0,0.0,2684.0,113.0,2827.0,https://www.dgt.es/microdatos/salida/2024/4/vehiculos/matriculaciones/export_mensual_mat_202404.zip
2024-05,monthly,HDV,DGT,44.0,1.0,0.0,0.0,1.0,2387.0,63.0,2496.0,https://www.dgt.es/microdatos/salida/2024/5/vehiculos/matriculaciones/export_mensual_mat_202405.zip
2024-06,monthly,HDV,DGT,31.0,0.0,0.0,1.0,1.0,2641.0,87.0,2761.0,https://www.dgt.es/microdatos/salida/2024/6/vehiculos/matriculaciones/export_mensual_mat_202406.zip
2024-07,monthly,HDV,DGT,35.0,0.0,0.0,0.0,1.0,2446.0,114.0,2596.0,https://www.dgt.es/microdatos/salida/2024/7/vehiculos/matriculaciones/export_mensual_mat_202407.zip
2024-08,monthly,HDV,DGT,31.0,0.0,0.0,0.0,1.0,1525.0,55.0,1612.0,https://www.dgt.es/microdatos/salida/2024/8/vehiculos/matriculaciones/export_mensual_mat_202408.zip
2024-09,monthly,HDV,DGT,14.0,0.0,0.0,0.0,0.0,2113.0,72.0,2199.0,https://www.dgt.es/microdatos/salida/2024/9/vehiculos/matriculaciones/export_mensual_mat_202409.zip
2024-10,monthly,HDV,DGT,31.0,1.0,0.0,0.0,1.0,4106.0,140.0,4279.0,https://www.dgt.es/microdatos/salida/2024/10/vehiculos/matriculaciones/export_mensual_mat_202410.zip
2024-11,monthly,HDV,DGT,31.0,0.0,0.0,0.0,0.0,2931.0,72.0,3034.0,https://www.dgt.es/microdatos/salida/2024/11/vehiculos/matriculaciones/export_mensual_mat_202411.zip
2024-12,monthly,HDV,DGT,33.0,0.0,0.0,0.0,0.0,1944.0,90.0,2067.0,https://www.dgt.es/microdatos/salida/2024/12/vehiculos/matriculaciones/export_mensual_mat_202412.zip
2025-01,monthly,HDV,DGT,27.0,0.0,0.0,0.0,1.0,2441.0,89.0,2558.0,https://www.dgt.es/microdatos/salida/2025/1/vehiculos/matriculaciones/export_mensual_mat_202501.zip
2025-02,monthly,HDV,DGT,35.0,0.0,0.0,0.0,0.0,2102.0,67.0,2204.0,https://www.dgt.es/microdatos/salida/2025/2/vehiculos/matriculaciones/export_mensual_mat_202502.zip
2025-03,monthly,HDV,DGT,37.0,0.0,0.0,0.0,0.0,2048.0,89.0,2174.0,https://www.dgt.es/microdatos/salida/2025/3/vehiculos/matriculaciones/export_mensual_mat_202503.zip
2025-04,monthly,HDV,DGT,26.0,0.0,0.0,0.0,0.0,2033.0,57.0,2116.0,https://www.dgt.es/microdatos/salida/2025/4/vehiculos/matriculaciones/export_mensual_mat_202504.zip
2025-05,monthly,HDV,DGT,57.0,0.0,0.0,0.0,0.0,2083.0,68.0,2208.0,https://www.dgt.es/microdatos/salida/2025/5/vehiculos/matriculaciones/export_mensual_mat_202505.zip
2025-06,monthly,HDV,DGT,58.0,0.0,0.0,0.0,0.0,2465.0,49.0,2572.0,https://www.dgt.es/microdatos/salida/2025/6/vehiculos/matriculaciones/export_mensual_mat_202506.zip
2025-07,monthly,HDV,DGT,32.0,0.0,0.0,0.0,1.0,2356.0,31.0,2420.0,https://www.dgt.es/microdatos/salida/2025/7/vehiculos/matriculaciones/export_mensual_mat_202507.zip
2025-08,monthly,HDV,DGT,28.0,0.0,0.0,0.0,0.0,1585.0,34.0,1647.0,https://www.dgt.es/microdatos/salida/2025/8/vehiculos/matriculaciones/export_mensual_mat_202508.zip
2025-09,monthly,HDV,DGT,25.0,0.0,0.0,0.0,0.0,2666.0,34.0,2725.0,https://www.dgt.es/microdatos/salida/2025/9/vehiculos/matriculaciones/export_mensual_mat_202509.zip
2025-10,monthly,HDV,DGT,31.0,0.0,0.0,0.0,0.0,3951.0,70.0,4052.0,https://www.dgt.es/microdatos/salida/2025/10/vehiculos/matriculaciones/export_mensual_mat_202510.zip
2025-11,monthly,HDV,DGT,54.0,0.0,0.0,1.0,0.0,2747.0,37.0,2839.0,https://www.dgt.es/microdatos/salida/2025/11/vehiculos/matriculaciones/export_mensual_mat_202511.zip
2025-12,monthly,HDV,DGT,71.0,0.0,0.0,0.0,0.0,2675.0,52.0,2798.0,https://www.dgt.es/microdatos/salida/2025/12/vehiculos/matriculaciones/export_mensual_mat_202512.zip
2026-01,monthly,HDV,DGT,12.0,0.0,0.0,0.0,1.0,2613.0,86.0,2712.0,https://www.dgt.es/microdatos/salida/2026/1/vehiculos/matriculaciones/export_mensual_mat_202601.zip
2026-02,monthly,HDV,DGT,21.0,0.0,0.0,0.0,1.0,2433.0,47.0,2502.0,https://www.dgt.es/microdatos/salida/2026/2/vehiculos/matriculaciones/export_mensual_mat_202602.zip
2026-03,monthly,HDV,DGT,26.0,0.0,0.0,0.0,1.0,2754.0,51.0,2832.0,https://www.dgt.es/microdatos/salida/2026/3/vehiculos/matriculaciones/export_mensual_mat_202603.zip
2026-04,monthly,HDV,DGT,21.0,0.0,0.0,0.0,0.0,2351.0,69.0,2441.0,https://www.dgt.es/microdatos/salida/2026/4/vehiculos/matriculaciones/export_mensual_mat_202604.zip
2026-05,monthly,HDV,DGT,19.0,0.0,0.0,0.0,0.0,2150.0,42.0,2211.0,https://www.dgt.es/microdatos/salida/2026/5/vehiculos/matriculaciones/export_mensual_mat_202605.zip
