period,time_interval,variant,source,BEV,HEV,PETROL,DIESEL,OTHERS,TOTAL,notes
2018-09,monthly,Used,MIA HSC (data.gov.ua),526.0,252.0,3720.0,6724.0,457.0,11679.0,
2018-10,monthly,Used,MIA HSC (data.gov.ua),621.0,282.0,4077.0,7832.0,465.0,13277.0,
2018-11,monthly,Used,MIA HSC (data.gov.ua),555.0,302.0,4107.0,7448.0,507.0,12919.0,
2018-12,monthly,Used,MIA HSC (data.gov.ua),456.0,257.0,5929.0,16124.0,1239.0,24005.0,
2019-01,monthly,Used,MIA HSC (data.gov.ua),415.0,253.0,10304.0,39275.0,3912.0,54159.0,
2019-02,monthly,Used,MIA HSC (data.gov.ua),355.0,289.0,16422.0,64527.0,7537.0,89130.0,
2019-03,monthly,Used,MIA HSC (data.gov.ua),442.0,326.0,12244.0,32632.0,4885.0,50529.0,
2019-04,monthly,Used,MIA HSC (data.gov.ua),463.0,330.0,8095.0,13138.0,2012.0,24038.0,MIA extract has no records after 2019-04-27 (month ends 2019-04-30)
2019-05,monthly,Used,MIA HSC (data.gov.ua),580.0,347.0,9505.0,13185.0,2148.0,25765.0,
2019-06,monthly,Used,MIA HSC (data.gov.ua),554.0,335.0,8736.0,9254.0,1538.0,20417.0,
2019-07,monthly,Used,MIA HSC (data.gov.ua),742.0,506.0,11338.0,10908.0,1832.0,25326.0,
2019-08,monthly,Used,MIA HSC (data.gov.ua),663.0,498.0,11983.0,10553.0,1916.0,25613.0,
2019-09,monthly,Used,MIA HSC (data.gov.ua),589.0,492.0,11470.0,9935.0,1832.0,24318.0,MIA extract has no records after 2019-09-29 (month ends 2019-09-30)
2019-10,monthly,Used,MIA HSC (data.gov.ua),671.0,528.0,13601.0,11339.0,2227.0,28366.0,
2019-11,monthly,Used,MIA HSC (data.gov.ua),684.0,482.0,14441.0,12267.0,2440.0,30314.0,
2019-12,monthly,Used,MIA HSC (data.gov.ua),575.0,508.0,16114.0,13301.0,2412.0,32910.0,MIA extract has no records after 2019-12-29 (month ends 2019-12-31)
2020-01,monthly,Used,MIA HSC (data.gov.ua),550.0,479.0,15139.0,11487.0,1567.0,29222.0,
2020-02,monthly,Used,MIA HSC (data.gov.ua),598.0,501.0,17953.0,12948.0,2125.0,34125.0,
2020-03,monthly,Used,MIA HSC (data.gov.ua),336.0,310.0,10537.0,7021.0,1264.0,19468.0,
2020-04,monthly,Used,MIA HSC (data.gov.ua),1.0,0.0,6.0,3.0,1.0,11.0,
2020-05,monthly,Used,MIA HSC (data.gov.ua),898.0,807.0,20557.0,7553.0,3389.0,33204.0,
2020-06,monthly,Used,MIA HSC (data.gov.ua),721.0,581.0,17164.0,7465.0,2602.0,28533.0,
2020-07,monthly,Used,MIA HSC (data.gov.ua),734.0,663.0,21121.0,11253.0,3422.0,37193.0,
2020-08,monthly,Used,MIA HSC (data.gov.ua),548.0,583.0,18959.0,9872.0,3143.0,33105.0,
2020-09,monthly,Used,MIA HSC (data.gov.ua),603.0,678.0,21150.0,11235.0,3477.0,37143.0,
2020-10,monthly,Used,MIA HSC (data.gov.ua),567.0,650.0,22572.0,12355.0,3939.0,40083.0,
2020-11,monthly,Used,MIA HSC (data.gov.ua),446.0,535.0,18435.0,10824.0,3185.0,33425.0,
2020-12,monthly,Used,MIA HSC (data.gov.ua),543.0,717.0,23434.0,12971.0,4029.0,41694.0,
2021-01,monthly,Used,MIA HSC (data.gov.ua),440.0,360.0,14222.0,8562.0,2872.0,26456.0,
2021-02,monthly,Used,MIA HSC (data.gov.ua),466.0,447.0,15986.0,8440.0,2964.0,28303.0,
2021-03,monthly,Used,MIA HSC (data.gov.ua),577.0,600.0,20185.0,10904.0,3748.0,36014.0,
2021-04,monthly,Used,MIA HSC (data.gov.ua),627.0,739.0,22740.0,12326.0,4085.0,40517.0,
2021-05,monthly,Used,MIA HSC (data.gov.ua),529.0,562.0,18952.0,10370.0,3435.0,33848.0,
2021-06,monthly,Used,MIA HSC (data.gov.ua),545.0,643.0,20577.0,11567.0,3723.0,37055.0,
2021-07,monthly,Used,MIA HSC (data.gov.ua),635.0,891.0,27186.0,23559.0,5782.0,58053.0,
2021-08,monthly,Used,MIA HSC (data.gov.ua),584.0,750.0,23394.0,21590.0,4731.0,51049.0,
2021-09,monthly,Used,MIA HSC (data.gov.ua),702.0,793.0,24906.0,23541.0,4744.0,54686.0,
2021-10,monthly,Used,MIA HSC (data.gov.ua),762.0,788.0,24621.0,26989.0,4688.0,57848.0,
2021-11,monthly,Used,MIA HSC (data.gov.ua),703.0,739.0,24548.0,29116.0,5188.0,60294.0,
2021-12,monthly,Used,MIA HSC (data.gov.ua),761.0,875.0,25653.0,18431.0,3359.0,49079.0,
2022-01,monthly,Used,MIA HSC (data.gov.ua),512.0,503.0,16477.0,12571.0,2352.0,32415.0,
2022-02,monthly,Used,MIA HSC (data.gov.ua),588.0,583.0,15921.0,10692.0,2420.0,30204.0,MIA extract has no records after 2022-02-27 (month ends 2022-02-28)
2022-03,monthly,Used,MIA HSC (data.gov.ua),179.0,173.0,4265.0,3523.0,430.0,8570.0,
2022-04,monthly,Used,MIA HSC (data.gov.ua),413.0,502.0,13138.0,17428.0,1451.0,32932.0,
2022-05,monthly,Used,MIA HSC (data.gov.ua),710.0,727.0,23372.0,54702.0,3180.0,82691.0,
2022-06,monthly,Used,MIA HSC (data.gov.ua),859.0,896.0,24099.0,57494.0,3808.0,87156.0,
2022-07,monthly,Used,MIA HSC (data.gov.ua),1470.0,577.0,14891.0,28219.0,2136.0,47293.0,
2022-08,monthly,Used,MIA HSC (data.gov.ua),1390.0,478.0,8761.0,7691.0,1113.0,19433.0,
2022-09,monthly,Used,MIA HSC (data.gov.ua),1273.0,421.0,8391.0,5117.0,1029.0,16231.0,
2022-10,monthly,Used,MIA HSC (data.gov.ua),1283.0,436.0,7906.0,4674.0,1024.0,15323.0,
2022-11,monthly,Used,MIA HSC (data.gov.ua),1154.0,465.0,8025.0,5144.0,915.0,15703.0,
2022-12,monthly,Used,MIA HSC (data.gov.ua),1235.0,441.0,8067.0,5454.0,932.0,16129.0,
2023-01,monthly,Used,MIA HSC (data.gov.ua),1043.0,336.0,5922.0,4580.0,714.0,12595.0,
2023-02,monthly,Used,MIA HSC (data.gov.ua),1194.0,371.0,6096.0,4746.0,738.0,13145.0,
2023-03,monthly,Used,MIA HSC (data.gov.ua),1481.0,416.0,7135.0,5919.0,823.0,15774.0,
2023-04,monthly,Used,MIA HSC (data.gov.ua),1579.0,359.0,6604.0,5717.0,778.0,15037.0,
2023-05,monthly,Used,MIA HSC (data.gov.ua),1966.0,386.0,7259.0,6224.0,844.0,16679.0,
2023-06,monthly,Used,MIA HSC (data.gov.ua),2555.0,432.0,7703.0,6527.0,910.0,18127.0,
2023-07,monthly,Used,MIA HSC (data.gov.ua),2701.0,554.0,7912.0,6347.0,953.0,18467.0,
2023-08,monthly,Used,MIA HSC (data.gov.ua),3115.0,643.0,9435.0,7291.0,1073.0,21557.0,
2023-09,monthly,Used,MIA HSC (data.gov.ua),3487.0,673.0,9342.0,6861.0,1123.0,21486.0,
2023-10,monthly,Used,MIA HSC (data.gov.ua),3626.0,725.0,9349.0,6900.0,1182.0,21782.0,
2023-11,monthly,Used,MIA HSC (data.gov.ua),3655.0,733.0,10210.0,7568.0,1296.0,23462.0,
2023-12,monthly,Used,MIA HSC (data.gov.ua),3677.0,821.0,10148.0,7227.0,1075.0,22948.0,
2024-01,monthly,Used,MIA HSC (data.gov.ua),2799.0,671.0,8138.0,5295.0,877.0,17780.0,
2024-02,monthly,Used,MIA HSC (data.gov.ua),3263.0,793.0,9315.0,5547.0,1003.0,19921.0,
2024-03,monthly,Used,MIA HSC (data.gov.ua),3447.0,959.0,10168.0,5626.0,1184.0,21384.0,
2024-04,monthly,Used,MIA HSC (data.gov.ua),3305.0,866.0,9183.0,4910.0,1065.0,19329.0,
2024-05,monthly,Used,MIA HSC (data.gov.ua),3479.0,957.0,9774.0,4762.0,1059.0,20031.0,
2024-06,monthly,Used,MIA HSC (data.gov.ua),3295.0,952.0,9156.0,4300.0,1035.0,18738.0,
2024-07,monthly,Used,MIA HSC (data.gov.ua),3733.0,1029.0,9607.0,4967.0,1010.0,20346.0,
2024-08,monthly,Used,MIA HSC (data.gov.ua),5402.0,1362.0,12324.0,7058.0,1187.0,27333.0,
2024-09,monthly,Used,MIA HSC (data.gov.ua),3117.0,743.0,7352.0,4239.0,760.0,16211.0,
2024-10,monthly,Used,MIA HSC (data.gov.ua),3213.0,712.0,7591.0,4437.0,720.0,16673.0,
2024-11,monthly,Used,MIA HSC (data.gov.ua),2990.0,616.0,6830.0,4040.0,641.0,15117.0,
2024-12,monthly,Used,MIA HSC (data.gov.ua),3180.0,768.0,7165.0,3879.0,681.0,15673.0,
2025-01,monthly,Used,MIA HSC (data.gov.ua),2965.0,626.0,6650.0,3643.0,615.0,14499.0,
2025-02,monthly,Used,MIA HSC (data.gov.ua),3858.0,785.0,8017.0,4295.0,736.0,17691.0,
2025-03,monthly,Used,MIA HSC (data.gov.ua),4637.0,944.0,8941.0,4836.0,750.0,20108.0,
2025-04,monthly,Used,MIA HSC (data.gov.ua),4801.0,1026.0,9777.0,4872.0,793.0,21269.0,
2025-05,monthly,Used,MIA HSC (data.gov.ua),4836.0,1202.0,10697.0,5039.0,770.0,22544.0,
2025-06,monthly,Used,MIA HSC (data.gov.ua),4699.0,1054.0,9654.0,4485.0,679.0,20571.0,
2025-07,monthly,Used,MIA HSC (data.gov.ua),5378.0,1273.0,10933.0,4777.0,795.0,23156.0,
2025-08,monthly,Used,MIA HSC (data.gov.ua),5920.0,1262.0,11018.0,4259.0,731.0,23190.0,
2025-09,monthly,Used,MIA HSC (data.gov.ua),6726.0,1247.0,10446.0,4518.0,723.0,23660.0,
2025-10,monthly,Used,MIA HSC (data.gov.ua),7930.0,1426.0,11636.0,5003.0,788.0,26783.0,
2025-11,monthly,Used,MIA HSC (data.gov.ua),7577.0,1278.0,10005.0,4265.0,667.0,23792.0,
2025-12,monthly,Used,MIA HSC (data.gov.ua),25037.0,1269.0,10251.0,4457.0,695.0,41709.0,MIA extract has no records after 2025-12-30 (month ends 2025-12-31)
2026-01,monthly,Used,MIA HSC (data.gov.ua),1414.0,1127.0,9717.0,4204.0,592.0,17054.0,
2026-02,monthly,Used,MIA HSC (data.gov.ua),863.0,1203.0,8947.0,3562.0,528.0,15103.0,
2026-03,monthly,Used,MIA HSC (data.gov.ua),1710.0,1452.0,10734.0,4255.0,691.0,18842.0,
2026-04,monthly,Used,MIA HSC (data.gov.ua),2340.0,1628.0,11277.0,4297.0,678.0,20220.0,
2026-05,monthly,Used,MIA HSC (data.gov.ua),2408.0,1848.0,12196.0,4340.0,642.0,21434.0,
2026-06,monthly,Used,MIA HSC (data.gov.ua),2645.0,1994.0,11756.0,4294.0,689.0,21378.0,
2026-07,monthly,Used,MIA HSC (data.gov.ua),3361.0,2334.0,12418.0,4381.0,643.0,23137.0,
2026-08,monthly,Used,MIA HSC (data.gov.ua),3613.0,2230.0,10896.0,3912.0,605.0,21256.0,MIA extract has no records after 2026-08-30 (month ends 2026-08-31)
